Copyright 1986-2022 Xilinx, Inc. All Rights Reserved. Copyright 2022-2024 Advanced Micro Devices, Inc. All Rights Reserved.
---------------------------------------------------------------------------------------------------------------------------------------------
| Tool Version : Vivado v.2024.2 (win64) Build 5239630 Fri Nov 08 22:35:27 MST 2024
| Date         : Fri Oct  9 16:28:21 2026
| Host         : LAPTOP-SBM6UN6L running 64-bit major release  (build 9200)
| Command      : report_timing_summary -max_paths 10 -file C:/Users/RAJU/OneDrive/Desktop/vedic_multiplier/reports/BASE/timing_summary.rpt
| Design       : vedic16_top
| Device       : 7k70t-fbv676
| Speed File   : -1  PRODUCTION 1.12 2017-02-17
| Design State : Routed
---------------------------------------------------------------------------------------------------------------------------------------------

Timing Summary Report

------------------------------------------------------------------------------------------------
| Timer Settings
| --------------
------------------------------------------------------------------------------------------------

  Enable Multi Corner Analysis               :  Yes
  Enable Pessimism Removal                   :  Yes
  Pessimism Removal Resolution               :  Nearest Common Node
  Enable Input Delay Default Clock           :  No
  Enable Preset / Clear Arcs                 :  No
  Disable Flight Delays                      :  No
  Ignore I/O Paths                           :  No
  Timing Early Launch at Borrowing Latches   :  No
  Borrow Time for Max Delay Exceptions       :  Yes
  Merge Timing Exceptions                    :  Yes
  Inter-SLR Compensation                     :  Conservative

  Corner  Analyze    Analyze    
  Name    Max Paths  Min Paths  
  ------  ---------  ---------  
  Slow    Yes        Yes        
  Fast    Yes        Yes        


------------------------------------------------------------------------------------------------
| Report Methodology
| ------------------
------------------------------------------------------------------------------------------------

No report available as report_methodology has not been run prior. Run report_methodology on the current design for the summary of methodology violations.



check_timing report

Table of Contents
-----------------
1. checking no_clock (0)
2. checking constant_clock (0)
3. checking pulse_width_clock (0)
4. checking unconstrained_internal_endpoints (0)
5. checking no_input_delay (32)
6. checking no_output_delay (32)
7. checking multiple_clock (0)
8. checking generated_clocks (0)
9. checking loops (0)
10. checking partial_input_delay (0)
11. checking partial_output_delay (0)
12. checking latch_loops (0)

1. checking no_clock (0)
------------------------
 There are 0 register/latch pins with no clock.


2. checking constant_clock (0)
------------------------------
 There are 0 register/latch pins with constant_clock.


3. checking pulse_width_clock (0)
---------------------------------
 There are 0 register/latch pins which need pulse_width check


4. checking unconstrained_internal_endpoints (0)
------------------------------------------------
 There are 0 pins that are not constrained for maximum delay.

 There are 0 pins that are not constrained for maximum delay due to constant clock.


5. checking no_input_delay (32)
-------------------------------
 There are 32 input ports with no input delay specified. (HIGH)

 There are 0 input ports with no input delay but user has a false path constraint.


6. checking no_output_delay (32)
--------------------------------
 There are 32 ports with no output delay specified. (HIGH)

 There are 0 ports with no output delay but user has a false path constraint

 There are 0 ports with no output delay but with a timing clock defined on it or propagating through it


7. checking multiple_clock (0)
------------------------------
 There are 0 register/latch pins with multiple clocks.


8. checking generated_clocks (0)
--------------------------------
 There are 0 generated clocks that are not connected to a clock source.


9. checking loops (0)
---------------------
 There are 0 combinational loops in the design.


10. checking partial_input_delay (0)
------------------------------------
 There are 0 input ports with partial input delay specified.


11. checking partial_output_delay (0)
-------------------------------------
 There are 0 ports with partial output delay specified.


12. checking latch_loops (0)
----------------------------
 There are 0 combinational latch loops in the design through latch input



------------------------------------------------------------------------------------------------
| Design Timing Summary
| ---------------------
------------------------------------------------------------------------------------------------

    WNS(ns)      TNS(ns)  TNS Failing Endpoints  TNS Total Endpoints      WHS(ns)      THS(ns)  THS Failing Endpoints  THS Total Endpoints     WPWS(ns)     TPWS(ns)  TPWS Failing Endpoints  TPWS Total Endpoints  
    -------      -------  ---------------------  -------------------      -------      -------  ---------------------  -------------------     --------     --------  ----------------------  --------------------  
      3.170        0.000                      0                   32        0.462        0.000                      0                   32        4.650        0.000                       0                    65  


All user specified timing constraints are met.


------------------------------------------------------------------------------------------------
| Clock Summary
| -------------
------------------------------------------------------------------------------------------------

Clock  Waveform(ns)       Period(ns)      Frequency(MHz)
-----  ------------       ----------      --------------
clk    {0.000 5.000}      10.000          100.000         


------------------------------------------------------------------------------------------------
| Intra Clock Table
| -----------------
------------------------------------------------------------------------------------------------

Clock             WNS(ns)      TNS(ns)  TNS Failing Endpoints  TNS Total Endpoints      WHS(ns)      THS(ns)  THS Failing Endpoints  THS Total Endpoints     WPWS(ns)     TPWS(ns)  TPWS Failing Endpoints  TPWS Total Endpoints  
-----             -------      -------  ---------------------  -------------------      -------      -------  ---------------------  -------------------     --------     --------  ----------------------  --------------------  
clk                 3.170        0.000                      0                   32        0.462        0.000                      0                   32        4.650        0.000                       0                    65  


------------------------------------------------------------------------------------------------
| Inter Clock Table
| -----------------
------------------------------------------------------------------------------------------------

From Clock    To Clock          WNS(ns)      TNS(ns)  TNS Failing Endpoints  TNS Total Endpoints      WHS(ns)      THS(ns)  THS Failing Endpoints  THS Total Endpoints  
----------    --------          -------      -------  ---------------------  -------------------      -------      -------  ---------------------  -------------------  


------------------------------------------------------------------------------------------------
| Other Path Groups Table
| -----------------------
------------------------------------------------------------------------------------------------

Path Group    From Clock    To Clock          WNS(ns)      TNS(ns)  TNS Failing Endpoints  TNS Total Endpoints      WHS(ns)      THS(ns)  THS Failing Endpoints  THS Total Endpoints  
----------    ----------    --------          -------      -------  ---------------------  -------------------      -------      -------  ---------------------  -------------------  


------------------------------------------------------------------------------------------------
| Timing Details
| --------------
------------------------------------------------------------------------------------------------


---------------------------------------------------------------------------------------------------
From Clock:  clk
  To Clock:  clk

Setup :            0  Failing Endpoints,  Worst Slack        3.170ns,  Total Violation        0.000ns
Hold  :            0  Failing Endpoints,  Worst Slack        0.462ns,  Total Violation        0.000ns
PW    :            0  Failing Endpoints,  Worst Slack        4.650ns,  Total Violation        0.000ns
---------------------------------------------------------------------------------------------------


Max Delay Paths
--------------------------------------------------------------------------------------
Slack (MET) :             3.170ns  (required time - arrival time)
  Source:                 a_r_reg[6]/C
                            (rising edge-triggered cell FDRE clocked by clk  {rise@0.000ns fall@5.000ns period=10.000ns})
  Destination:            p_reg[28]/D
                            (rising edge-triggered cell FDRE clocked by clk  {rise@0.000ns fall@5.000ns period=10.000ns})
  Path Group:             clk
  Path Type:              Setup (Max at Slow Process Corner)
  Requirement:            10.000ns  (clk rise@10.000ns - clk rise@0.000ns)
  Data Path Delay:        6.828ns  (logic 2.501ns (36.629%)  route 4.327ns (63.371%))
  Logic Levels:           13  (CARRY4=7 LUT3=1 LUT4=1 LUT5=2 LUT6=2)
  Clock Path Skew:        -0.018ns (DCD - SCD + CPR)
    Destination Clock Delay (DCD):    5.252ns = ( 15.252 - 10.000 ) 
    Source Clock Delay      (SCD):    5.603ns
    Clock Pessimism Removal (CPR):    0.333ns
  Clock Uncertainty:      0.035ns  ((TSJ^2 + TIJ^2)^1/2 + DJ) / 2 + PE
    Total System Jitter     (TSJ):    0.071ns
    Total Input Jitter      (TIJ):    0.000ns
    Discrete Jitter          (DJ):    0.000ns
    Phase Error              (PE):    0.000ns

    Location             Delay type                Incr(ns)  Path(ns)    Netlist Resource(s)
  -------------------------------------------------------------------    -------------------
                         (clock clk rise edge)        0.000     0.000 r  
    P23                                               0.000     0.000 r  clk (IN)
                         net (fo=0)                   0.000     0.000    clk
    P23                  IBUF (Prop_ibuf_I_O)         1.703     1.703 r  clk_IBUF_inst/O
                         net (fo=1, routed)           2.140     3.843    clk_IBUF
    BUFGCTRL_X0Y0        BUFG (Prop_bufg_I_O)         0.120     3.963 r  clk_IBUF_BUFG_inst/O
                         net (fo=64, routed)          1.640     5.603    clk_IBUF_BUFG
    SLICE_X0Y27          FDRE                                         r  a_r_reg[6]/C
  -------------------------------------------------------------------    -------------------
    SLICE_X0Y27          FDRE (Prop_fdre_C_Q)         0.269     5.872 r  a_r_reg[6]/Q
                         net (fo=33, routed)          1.111     6.983    a_r[6]
    SLICE_X8Y32          LUT6 (Prop_lut6_I3_O)        0.053     7.036 r  p[18]_i_67/O
                         net (fo=2, routed)           0.679     7.715    p[18]_i_67_n_0
    SLICE_X9Y29          LUT6 (Prop_lut6_I0_O)        0.053     7.768 r  p[18]_i_71/O
                         net (fo=1, routed)           0.000     7.768    p[18]_i_71_n_0
    SLICE_X9Y29          CARRY4 (Prop_carry4_S[0]_CO[3])
                                                      0.313     8.081 r  p_reg[18]_i_42/CO[3]
                         net (fo=1, routed)           0.000     8.081    p_reg[18]_i_42_n_0
    SLICE_X9Y30          CARRY4 (Prop_carry4_CI_CO[3])
                                                      0.058     8.139 r  p_reg[18]_i_41/CO[3]
                         net (fo=1, routed)           0.000     8.139    p_reg[18]_i_41_n_0
    SLICE_X9Y31          CARRY4 (Prop_carry4_CI_O[0])
                                                      0.139     8.278 r  p_reg[26]_i_57/O[0]
                         net (fo=3, routed)           0.737     9.015    p_reg[26]_i_57_n_7
    SLICE_X6Y31          LUT4 (Prop_lut4_I1_O)        0.168     9.183 r  p[22]_i_43/O
                         net (fo=2, routed)           0.280     9.463    p[22]_i_43_n_0
    SLICE_X7Y31          LUT5 (Prop_lut5_I0_O)        0.168     9.631 r  p[22]_i_47/O
                         net (fo=1, routed)           0.000     9.631    p[22]_i_47_n_0
    SLICE_X7Y31          CARRY4 (Prop_carry4_S[2]_CO[3])
                                                      0.235     9.866 r  p_reg[22]_i_16/CO[3]
                         net (fo=1, routed)           0.000     9.866    p_reg[22]_i_16_n_0
    SLICE_X7Y32          CARRY4 (Prop_carry4_CI_O[3])
                                                      0.179    10.045 r  p_reg[26]_i_15/O[3]
                         net (fo=3, routed)           0.567    10.612    p_reg[26]_i_15_n_4
    SLICE_X6Y33          LUT3 (Prop_lut3_I1_O)        0.142    10.754 r  p[26]_i_16/O
                         net (fo=2, routed)           0.571    11.325    p[26]_i_16_n_0
    SLICE_X6Y32          LUT5 (Prop_lut5_I1_O)        0.068    11.393 r  p[26]_i_5/O
                         net (fo=2, routed)           0.382    11.775    p[26]_i_5_n_0
    SLICE_X4Y33          CARRY4 (Prop_carry4_DI[0]_CO[3])
                                                      0.443    12.218 r  p_reg[26]_i_1/CO[3]
                         net (fo=1, routed)           0.000    12.218    p_reg[26]_i_1_n_0
    SLICE_X4Y34          CARRY4 (Prop_carry4_CI_O[1])
                                                      0.213    12.431 r  p_reg[30]_i_1/O[1]
                         net (fo=1, routed)           0.000    12.431    g_base.prod[28]
    SLICE_X4Y34          FDRE                                         r  p_reg[28]/D
  -------------------------------------------------------------------    -------------------

                         (clock clk rise edge)       10.000    10.000 r  
    P23                                               0.000    10.000 r  clk (IN)
                         net (fo=0)                   0.000    10.000    clk
    P23                  IBUF (Prop_ibuf_I_O)         1.561    11.561 r  clk_IBUF_inst/O
                         net (fo=1, routed)           2.040    13.601    clk_IBUF
    BUFGCTRL_X0Y0        BUFG (Prop_bufg_I_O)         0.113    13.714 r  clk_IBUF_BUFG_inst/O
                         net (fo=64, routed)          1.538    15.252    clk_IBUF_BUFG
    SLICE_X4Y34          FDRE                                         r  p_reg[28]/C
                         clock pessimism              0.333    15.585    
                         clock uncertainty           -0.035    15.550    
    SLICE_X4Y34          FDRE (Setup_fdre_C_D)        0.051    15.601    p_reg[28]
  -------------------------------------------------------------------
                         required time                         15.601    
                         arrival time                         -12.431    
  -------------------------------------------------------------------
                         slack                                  3.170    

Slack (MET) :             3.187ns  (required time - arrival time)
  Source:                 a_r_reg[6]/C
                            (rising edge-triggered cell FDRE clocked by clk  {rise@0.000ns fall@5.000ns period=10.000ns})
  Destination:            p_reg[31]/D
                            (rising edge-triggered cell FDRE clocked by clk  {rise@0.000ns fall@5.000ns period=10.000ns})
  Path Group:             clk
  Path Type:              Setup (Max at Slow Process Corner)
  Requirement:            10.000ns  (clk rise@10.000ns - clk rise@0.000ns)
  Data Path Delay:        6.812ns  (logic 2.485ns (36.480%)  route 4.327ns (63.520%))
  Logic Levels:           14  (CARRY4=8 LUT3=1 LUT4=1 LUT5=2 LUT6=2)
  Clock Path Skew:        -0.017ns (DCD - SCD + CPR)
    Destination Clock Delay (DCD):    5.253ns = ( 15.253 - 10.000 ) 
    Source Clock Delay      (SCD):    5.603ns
    Clock Pessimism Removal (CPR):    0.333ns
  Clock Uncertainty:      0.035ns  ((TSJ^2 + TIJ^2)^1/2 + DJ) / 2 + PE
    Total System Jitter     (TSJ):    0.071ns
    Total Input Jitter      (TIJ):    0.000ns
    Discrete Jitter          (DJ):    0.000ns
    Phase Error              (PE):    0.000ns

    Location             Delay type                Incr(ns)  Path(ns)    Netlist Resource(s)
  -------------------------------------------------------------------    -------------------
                         (clock clk rise edge)        0.000     0.000 r  
    P23                                               0.000     0.000 r  clk (IN)
                         net (fo=0)                   0.000     0.000    clk
    P23                  IBUF (Prop_ibuf_I_O)         1.703     1.703 r  clk_IBUF_inst/O
                         net (fo=1, routed)           2.140     3.843    clk_IBUF
    BUFGCTRL_X0Y0        BUFG (Prop_bufg_I_O)         0.120     3.963 r  clk_IBUF_BUFG_inst/O
                         net (fo=64, routed)          1.640     5.603    clk_IBUF_BUFG
    SLICE_X0Y27          FDRE                                         r  a_r_reg[6]/C
  -------------------------------------------------------------------    -------------------
    SLICE_X0Y27          FDRE (Prop_fdre_C_Q)         0.269     5.872 r  a_r_reg[6]/Q
                         net (fo=33, routed)          1.111     6.983    a_r[6]
    SLICE_X8Y32          LUT6 (Prop_lut6_I3_O)        0.053     7.036 r  p[18]_i_67/O
                         net (fo=2, routed)           0.679     7.715    p[18]_i_67_n_0
    SLICE_X9Y29          LUT6 (Prop_lut6_I0_O)        0.053     7.768 r  p[18]_i_71/O
                         net (fo=1, routed)           0.000     7.768    p[18]_i_71_n_0
    SLICE_X9Y29          CARRY4 (Prop_carry4_S[0]_CO[3])
                                                      0.313     8.081 r  p_reg[18]_i_42/CO[3]
                         net (fo=1, routed)           0.000     8.081    p_reg[18]_i_42_n_0
    SLICE_X9Y30          CARRY4 (Prop_carry4_CI_CO[3])
                                                      0.058     8.139 r  p_reg[18]_i_41/CO[3]
                         net (fo=1, routed)           0.000     8.139    p_reg[18]_i_41_n_0
    SLICE_X9Y31          CARRY4 (Prop_carry4_CI_O[0])
                                                      0.139     8.278 r  p_reg[26]_i_57/O[0]
                         net (fo=3, routed)           0.737     9.015    p_reg[26]_i_57_n_7
    SLICE_X6Y31          LUT4 (Prop_lut4_I1_O)        0.168     9.183 r  p[22]_i_43/O
                         net (fo=2, routed)           0.280     9.463    p[22]_i_43_n_0
    SLICE_X7Y31          LUT5 (Prop_lut5_I0_O)        0.168     9.631 r  p[22]_i_47/O
                         net (fo=1, routed)           0.000     9.631    p[22]_i_47_n_0
    SLICE_X7Y31          CARRY4 (Prop_carry4_S[2]_CO[3])
                                                      0.235     9.866 r  p_reg[22]_i_16/CO[3]
                         net (fo=1, routed)           0.000     9.866    p_reg[22]_i_16_n_0
    SLICE_X7Y32          CARRY4 (Prop_carry4_CI_O[3])
                                                      0.179    10.045 r  p_reg[26]_i_15/O[3]
                         net (fo=3, routed)           0.567    10.612    p_reg[26]_i_15_n_4
    SLICE_X6Y33          LUT3 (Prop_lut3_I1_O)        0.142    10.754 r  p[26]_i_16/O
                         net (fo=2, routed)           0.571    11.325    p[26]_i_16_n_0
    SLICE_X6Y32          LUT5 (Prop_lut5_I1_O)        0.068    11.393 r  p[26]_i_5/O
                         net (fo=2, routed)           0.382    11.775    p[26]_i_5_n_0
    SLICE_X4Y33          CARRY4 (Prop_carry4_DI[0]_CO[3])
                                                      0.443    12.218 r  p_reg[26]_i_1/CO[3]
                         net (fo=1, routed)           0.000    12.218    p_reg[26]_i_1_n_0
    SLICE_X4Y34          CARRY4 (Prop_carry4_CI_CO[3])
                                                      0.058    12.276 r  p_reg[30]_i_1/CO[3]
                         net (fo=1, routed)           0.000    12.276    p_reg[30]_i_1_n_0
    SLICE_X4Y35          CARRY4 (Prop_carry4_CI_O[0])
                                                      0.139    12.415 r  p_reg[31]_i_1/O[0]
                         net (fo=1, routed)           0.000    12.415    g_base.prod[31]
    SLICE_X4Y35          FDRE                                         r  p_reg[31]/D
  -------------------------------------------------------------------    -------------------

                         (clock clk rise edge)       10.000    10.000 r  
    P23                                               0.000    10.000 r  clk (IN)
                         net (fo=0)                   0.000    10.000    clk
    P23                  IBUF (Prop_ibuf_I_O)         1.561    11.561 r  clk_IBUF_inst/O
                         net (fo=1, routed)           2.040    13.601    clk_IBUF
    BUFGCTRL_X0Y0        BUFG (Prop_bufg_I_O)         0.113    13.714 r  clk_IBUF_BUFG_inst/O
                         net (fo=64, routed)          1.539    15.253    clk_IBUF_BUFG
    SLICE_X4Y35          FDRE                                         r  p_reg[31]/C
                         clock pessimism              0.333    15.586    
                         clock uncertainty           -0.035    15.551    
    SLICE_X4Y35          FDRE (Setup_fdre_C_D)        0.051    15.602    p_reg[31]
  -------------------------------------------------------------------
                         required time                         15.602    
                         arrival time                         -12.415    
  -------------------------------------------------------------------
                         slack                                  3.187    

Slack (MET) :             3.204ns  (required time - arrival time)
  Source:                 a_r_reg[6]/C
                            (rising edge-triggered cell FDRE clocked by clk  {rise@0.000ns fall@5.000ns period=10.000ns})
  Destination:            p_reg[30]/D
                            (rising edge-triggered cell FDRE clocked by clk  {rise@0.000ns fall@5.000ns period=10.000ns})
  Path Group:             clk
  Path Type:              Setup (Max at Slow Process Corner)
  Requirement:            10.000ns  (clk rise@10.000ns - clk rise@0.000ns)
  Data Path Delay:        6.794ns  (logic 2.467ns (36.311%)  route 4.327ns (63.689%))
  Logic Levels:           13  (CARRY4=7 LUT3=1 LUT4=1 LUT5=2 LUT6=2)
  Clock Path Skew:        -0.018ns (DCD - SCD + CPR)
    Destination Clock Delay (DCD):    5.252ns = ( 15.252 - 10.000 ) 
    Source Clock Delay      (SCD):    5.603ns
    Clock Pessimism Removal (CPR):    0.333ns
  Clock Uncertainty:      0.035ns  ((TSJ^2 + TIJ^2)^1/2 + DJ) / 2 + PE
    Total System Jitter     (TSJ):    0.071ns
    Total Input Jitter      (TIJ):    0.000ns
    Discrete Jitter          (DJ):    0.000ns
    Phase Error              (PE):    0.000ns

    Location             Delay type                Incr(ns)  Path(ns)    Netlist Resource(s)
  -------------------------------------------------------------------    -------------------
                         (clock clk rise edge)        0.000     0.000 r  
    P23                                               0.000     0.000 r  clk (IN)
                         net (fo=0)                   0.000     0.000    clk
    P23                  IBUF (Prop_ibuf_I_O)         1.703     1.703 r  clk_IBUF_inst/O
                         net (fo=1, routed)           2.140     3.843    clk_IBUF
    BUFGCTRL_X0Y0        BUFG (Prop_bufg_I_O)         0.120     3.963 r  clk_IBUF_BUFG_inst/O
                         net (fo=64, routed)          1.640     5.603    clk_IBUF_BUFG
    SLICE_X0Y27          FDRE                                         r  a_r_reg[6]/C
  -------------------------------------------------------------------    -------------------
    SLICE_X0Y27          FDRE (Prop_fdre_C_Q)         0.269     5.872 r  a_r_reg[6]/Q
                         net (fo=33, routed)          1.111     6.983    a_r[6]
    SLICE_X8Y32          LUT6 (Prop_lut6_I3_O)        0.053     7.036 r  p[18]_i_67/O
                         net (fo=2, routed)           0.679     7.715    p[18]_i_67_n_0
    SLICE_X9Y29          LUT6 (Prop_lut6_I0_O)        0.053     7.768 r  p[18]_i_71/O
                         net (fo=1, routed)           0.000     7.768    p[18]_i_71_n_0
    SLICE_X9Y29          CARRY4 (Prop_carry4_S[0]_CO[3])
                                                      0.313     8.081 r  p_reg[18]_i_42/CO[3]
                         net (fo=1, routed)           0.000     8.081    p_reg[18]_i_42_n_0
    SLICE_X9Y30          CARRY4 (Prop_carry4_CI_CO[3])
                                                      0.058     8.139 r  p_reg[18]_i_41/CO[3]
                         net (fo=1, routed)           0.000     8.139    p_reg[18]_i_41_n_0
    SLICE_X9Y31          CARRY4 (Prop_carry4_CI_O[0])
                                                      0.139     8.278 r  p_reg[26]_i_57/O[0]
                         net (fo=3, routed)           0.737     9.015    p_reg[26]_i_57_n_7
    SLICE_X6Y31          LUT4 (Prop_lut4_I1_O)        0.168     9.183 r  p[22]_i_43/O
                         net (fo=2, routed)           0.280     9.463    p[22]_i_43_n_0
    SLICE_X7Y31          LUT5 (Prop_lut5_I0_O)        0.168     9.631 r  p[22]_i_47/O
                         net (fo=1, routed)           0.000     9.631    p[22]_i_47_n_0
    SLICE_X7Y31          CARRY4 (Prop_carry4_S[2]_CO[3])
                                                      0.235     9.866 r  p_reg[22]_i_16/CO[3]
                         net (fo=1, routed)           0.000     9.866    p_reg[22]_i_16_n_0
    SLICE_X7Y32          CARRY4 (Prop_carry4_CI_O[3])
                                                      0.179    10.045 r  p_reg[26]_i_15/O[3]
                         net (fo=3, routed)           0.567    10.612    p_reg[26]_i_15_n_4
    SLICE_X6Y33          LUT3 (Prop_lut3_I1_O)        0.142    10.754 r  p[26]_i_16/O
                         net (fo=2, routed)           0.571    11.325    p[26]_i_16_n_0
    SLICE_X6Y32          LUT5 (Prop_lut5_I1_O)        0.068    11.393 r  p[26]_i_5/O
                         net (fo=2, routed)           0.382    11.775    p[26]_i_5_n_0
    SLICE_X4Y33          CARRY4 (Prop_carry4_DI[0]_CO[3])
                                                      0.443    12.218 r  p_reg[26]_i_1/CO[3]
                         net (fo=1, routed)           0.000    12.218    p_reg[26]_i_1_n_0
    SLICE_X4Y34          CARRY4 (Prop_carry4_CI_O[3])
                                                      0.179    12.397 r  p_reg[30]_i_1/O[3]
                         net (fo=1, routed)           0.000    12.397    g_base.prod[30]
    SLICE_X4Y34          FDRE                                         r  p_reg[30]/D
  -------------------------------------------------------------------    -------------------

                         (clock clk rise edge)       10.000    10.000 r  
    P23                                               0.000    10.000 r  clk (IN)
                         net (fo=0)                   0.000    10.000    clk
    P23                  IBUF (Prop_ibuf_I_O)         1.561    11.561 r  clk_IBUF_inst/O
                         net (fo=1, routed)           2.040    13.601    clk_IBUF
    BUFGCTRL_X0Y0        BUFG (Prop_bufg_I_O)         0.113    13.714 r  clk_IBUF_BUFG_inst/O
                         net (fo=64, routed)          1.538    15.252    clk_IBUF_BUFG
    SLICE_X4Y34          FDRE                                         r  p_reg[30]/C
                         clock pessimism              0.333    15.585    
                         clock uncertainty           -0.035    15.550    
    SLICE_X4Y34          FDRE (Setup_fdre_C_D)        0.051    15.601    p_reg[30]
  -------------------------------------------------------------------
                         required time                         15.601    
                         arrival time                         -12.397    
  -------------------------------------------------------------------
                         slack                                  3.204    

Slack (MET) :             3.244ns  (required time - arrival time)
  Source:                 a_r_reg[6]/C
                            (rising edge-triggered cell FDRE clocked by clk  {rise@0.000ns fall@5.000ns period=10.000ns})
  Destination:            p_reg[27]/D
                            (rising edge-triggered cell FDRE clocked by clk  {rise@0.000ns fall@5.000ns period=10.000ns})
  Path Group:             clk
  Path Type:              Setup (Max at Slow Process Corner)
  Requirement:            10.000ns  (clk rise@10.000ns - clk rise@0.000ns)
  Data Path Delay:        6.754ns  (logic 2.427ns (35.934%)  route 4.327ns (64.066%))
  Logic Levels:           13  (CARRY4=7 LUT3=1 LUT4=1 LUT5=2 LUT6=2)
  Clock Path Skew:        -0.018ns (DCD - SCD + CPR)
    Destination Clock Delay (DCD):    5.252ns = ( 15.252 - 10.000 ) 
    Source Clock Delay      (SCD):    5.603ns
    Clock Pessimism Removal (CPR):    0.333ns
  Clock Uncertainty:      0.035ns  ((TSJ^2 + TIJ^2)^1/2 + DJ) / 2 + PE
    Total System Jitter     (TSJ):    0.071ns
    Total Input Jitter      (TIJ):    0.000ns
    Discrete Jitter          (DJ):    0.000ns
    Phase Error              (PE):    0.000ns

    Location             Delay type                Incr(ns)  Path(ns)    Netlist Resource(s)
  -------------------------------------------------------------------    -------------------
                         (clock clk rise edge)        0.000     0.000 r  
    P23                                               0.000     0.000 r  clk (IN)
                         net (fo=0)                   0.000     0.000    clk
    P23                  IBUF (Prop_ibuf_I_O)         1.703     1.703 r  clk_IBUF_inst/O
                         net (fo=1, routed)           2.140     3.843    clk_IBUF
    BUFGCTRL_X0Y0        BUFG (Prop_bufg_I_O)         0.120     3.963 r  clk_IBUF_BUFG_inst/O
                         net (fo=64, routed)          1.640     5.603    clk_IBUF_BUFG
    SLICE_X0Y27          FDRE                                         r  a_r_reg[6]/C
  -------------------------------------------------------------------    -------------------
    SLICE_X0Y27          FDRE (Prop_fdre_C_Q)         0.269     5.872 r  a_r_reg[6]/Q
                         net (fo=33, routed)          1.111     6.983    a_r[6]
    SLICE_X8Y32          LUT6 (Prop_lut6_I3_O)        0.053     7.036 r  p[18]_i_67/O
                         net (fo=2, routed)           0.679     7.715    p[18]_i_67_n_0
    SLICE_X9Y29          LUT6 (Prop_lut6_I0_O)        0.053     7.768 r  p[18]_i_71/O
                         net (fo=1, routed)           0.000     7.768    p[18]_i_71_n_0
    SLICE_X9Y29          CARRY4 (Prop_carry4_S[0]_CO[3])
                                                      0.313     8.081 r  p_reg[18]_i_42/CO[3]
                         net (fo=1, routed)           0.000     8.081    p_reg[18]_i_42_n_0
    SLICE_X9Y30          CARRY4 (Prop_carry4_CI_CO[3])
                                                      0.058     8.139 r  p_reg[18]_i_41/CO[3]
                         net (fo=1, routed)           0.000     8.139    p_reg[18]_i_41_n_0
    SLICE_X9Y31          CARRY4 (Prop_carry4_CI_O[0])
                                                      0.139     8.278 r  p_reg[26]_i_57/O[0]
                         net (fo=3, routed)           0.737     9.015    p_reg[26]_i_57_n_7
    SLICE_X6Y31          LUT4 (Prop_lut4_I1_O)        0.168     9.183 r  p[22]_i_43/O
                         net (fo=2, routed)           0.280     9.463    p[22]_i_43_n_0
    SLICE_X7Y31          LUT5 (Prop_lut5_I0_O)        0.168     9.631 r  p[22]_i_47/O
                         net (fo=1, routed)           0.000     9.631    p[22]_i_47_n_0
    SLICE_X7Y31          CARRY4 (Prop_carry4_S[2]_CO[3])
                                                      0.235     9.866 r  p_reg[22]_i_16/CO[3]
                         net (fo=1, routed)           0.000     9.866    p_reg[22]_i_16_n_0
    SLICE_X7Y32          CARRY4 (Prop_carry4_CI_O[3])
                                                      0.179    10.045 r  p_reg[26]_i_15/O[3]
                         net (fo=3, routed)           0.567    10.612    p_reg[26]_i_15_n_4
    SLICE_X6Y33          LUT3 (Prop_lut3_I1_O)        0.142    10.754 r  p[26]_i_16/O
                         net (fo=2, routed)           0.571    11.325    p[26]_i_16_n_0
    SLICE_X6Y32          LUT5 (Prop_lut5_I1_O)        0.068    11.393 r  p[26]_i_5/O
                         net (fo=2, routed)           0.382    11.775    p[26]_i_5_n_0
    SLICE_X4Y33          CARRY4 (Prop_carry4_DI[0]_CO[3])
                                                      0.443    12.218 r  p_reg[26]_i_1/CO[3]
                         net (fo=1, routed)           0.000    12.218    p_reg[26]_i_1_n_0
    SLICE_X4Y34          CARRY4 (Prop_carry4_CI_O[0])
                                                      0.139    12.357 r  p_reg[30]_i_1/O[0]
                         net (fo=1, routed)           0.000    12.357    g_base.prod[27]
    SLICE_X4Y34          FDRE                                         r  p_reg[27]/D
  -------------------------------------------------------------------    -------------------

                         (clock clk rise edge)       10.000    10.000 r  
    P23                                               0.000    10.000 r  clk (IN)
                         net (fo=0)                   0.000    10.000    clk
    P23                  IBUF (Prop_ibuf_I_O)         1.561    11.561 r  clk_IBUF_inst/O
                         net (fo=1, routed)           2.040    13.601    clk_IBUF
    BUFGCTRL_X0Y0        BUFG (Prop_bufg_I_O)         0.113    13.714 r  clk_IBUF_BUFG_inst/O
                         net (fo=64, routed)          1.538    15.252    clk_IBUF_BUFG
    SLICE_X4Y34          FDRE                                         r  p_reg[27]/C
                         clock pessimism              0.333    15.585    
                         clock uncertainty           -0.035    15.550    
    SLICE_X4Y34          FDRE (Setup_fdre_C_D)        0.051    15.601    p_reg[27]
  -------------------------------------------------------------------
                         required time                         15.601    
                         arrival time                         -12.357    
  -------------------------------------------------------------------
                         slack                                  3.244    

Slack (MET) :             3.247ns  (required time - arrival time)
  Source:                 a_r_reg[6]/C
                            (rising edge-triggered cell FDRE clocked by clk  {rise@0.000ns fall@5.000ns period=10.000ns})
  Destination:            p_reg[29]/D
                            (rising edge-triggered cell FDRE clocked by clk  {rise@0.000ns fall@5.000ns period=10.000ns})
  Path Group:             clk
  Path Type:              Setup (Max at Slow Process Corner)
  Requirement:            10.000ns  (clk rise@10.000ns - clk rise@0.000ns)
  Data Path Delay:        6.751ns  (logic 2.424ns (35.906%)  route 4.327ns (64.094%))
  Logic Levels:           13  (CARRY4=7 LUT3=1 LUT4=1 LUT5=2 LUT6=2)
  Clock Path Skew:        -0.018ns (DCD - SCD + CPR)
    Destination Clock Delay (DCD):    5.252ns = ( 15.252 - 10.000 ) 
    Source Clock Delay      (SCD):    5.603ns
    Clock Pessimism Removal (CPR):    0.333ns
  Clock Uncertainty:      0.035ns  ((TSJ^2 + TIJ^2)^1/2 + DJ) / 2 + PE
    Total System Jitter     (TSJ):    0.071ns
    Total Input Jitter      (TIJ):    0.000ns
    Discrete Jitter          (DJ):    0.000ns
    Phase Error              (PE):    0.000ns

    Location             Delay type                Incr(ns)  Path(ns)    Netlist Resource(s)
  -------------------------------------------------------------------    -------------------
                         (clock clk rise edge)        0.000     0.000 r  
    P23                                               0.000     0.000 r  clk (IN)
                         net (fo=0)                   0.000     0.000    clk
    P23                  IBUF (Prop_ibuf_I_O)         1.703     1.703 r  clk_IBUF_inst/O
                         net (fo=1, routed)           2.140     3.843    clk_IBUF
    BUFGCTRL_X0Y0        BUFG (Prop_bufg_I_O)         0.120     3.963 r  clk_IBUF_BUFG_inst/O
                         net (fo=64, routed)          1.640     5.603    clk_IBUF_BUFG
    SLICE_X0Y27          FDRE                                         r  a_r_reg[6]/C
  -------------------------------------------------------------------    -------------------
    SLICE_X0Y27          FDRE (Prop_fdre_C_Q)         0.269     5.872 r  a_r_reg[6]/Q
                         net (fo=33, routed)          1.111     6.983    a_r[6]
    SLICE_X8Y32          LUT6 (Prop_lut6_I3_O)        0.053     7.036 r  p[18]_i_67/O
                         net (fo=2, routed)           0.679     7.715    p[18]_i_67_n_0
    SLICE_X9Y29          LUT6 (Prop_lut6_I0_O)        0.053     7.768 r  p[18]_i_71/O
                         net (fo=1, routed)           0.000     7.768    p[18]_i_71_n_0
    SLICE_X9Y29          CARRY4 (Prop_carry4_S[0]_CO[3])
                                                      0.313     8.081 r  p_reg[18]_i_42/CO[3]
                         net (fo=1, routed)           0.000     8.081    p_reg[18]_i_42_n_0
    SLICE_X9Y30          CARRY4 (Prop_carry4_CI_CO[3])
                                                      0.058     8.139 r  p_reg[18]_i_41/CO[3]
                         net (fo=1, routed)           0.000     8.139    p_reg[18]_i_41_n_0
    SLICE_X9Y31          CARRY4 (Prop_carry4_CI_O[0])
                                                      0.139     8.278 r  p_reg[26]_i_57/O[0]
                         net (fo=3, routed)           0.737     9.015    p_reg[26]_i_57_n_7
    SLICE_X6Y31          LUT4 (Prop_lut4_I1_O)        0.168     9.183 r  p[22]_i_43/O
                         net (fo=2, routed)           0.280     9.463    p[22]_i_43_n_0
    SLICE_X7Y31          LUT5 (Prop_lut5_I0_O)        0.168     9.631 r  p[22]_i_47/O
                         net (fo=1, routed)           0.000     9.631    p[22]_i_47_n_0
    SLICE_X7Y31          CARRY4 (Prop_carry4_S[2]_CO[3])
                                                      0.235     9.866 r  p_reg[22]_i_16/CO[3]
                         net (fo=1, routed)           0.000     9.866    p_reg[22]_i_16_n_0
    SLICE_X7Y32          CARRY4 (Prop_carry4_CI_O[3])
                                                      0.179    10.045 r  p_reg[26]_i_15/O[3]
                         net (fo=3, routed)           0.567    10.612    p_reg[26]_i_15_n_4
    SLICE_X6Y33          LUT3 (Prop_lut3_I1_O)        0.142    10.754 r  p[26]_i_16/O
                         net (fo=2, routed)           0.571    11.325    p[26]_i_16_n_0
    SLICE_X6Y32          LUT5 (Prop_lut5_I1_O)        0.068    11.393 r  p[26]_i_5/O
                         net (fo=2, routed)           0.382    11.775    p[26]_i_5_n_0
    SLICE_X4Y33          CARRY4 (Prop_carry4_DI[0]_CO[3])
                                                      0.443    12.218 r  p_reg[26]_i_1/CO[3]
                         net (fo=1, routed)           0.000    12.218    p_reg[26]_i_1_n_0
    SLICE_X4Y34          CARRY4 (Prop_carry4_CI_O[2])
                                                      0.136    12.354 r  p_reg[30]_i_1/O[2]
                         net (fo=1, routed)           0.000    12.354    g_base.prod[29]
    SLICE_X4Y34          FDRE                                         r  p_reg[29]/D
  -------------------------------------------------------------------    -------------------

                         (clock clk rise edge)       10.000    10.000 r  
    P23                                               0.000    10.000 r  clk (IN)
                         net (fo=0)                   0.000    10.000    clk
    P23                  IBUF (Prop_ibuf_I_O)         1.561    11.561 r  clk_IBUF_inst/O
                         net (fo=1, routed)           2.040    13.601    clk_IBUF
    BUFGCTRL_X0Y0        BUFG (Prop_bufg_I_O)         0.113    13.714 r  clk_IBUF_BUFG_inst/O
                         net (fo=64, routed)          1.538    15.252    clk_IBUF_BUFG
    SLICE_X4Y34          FDRE                                         r  p_reg[29]/C
                         clock pessimism              0.333    15.585    
                         clock uncertainty           -0.035    15.550    
    SLICE_X4Y34          FDRE (Setup_fdre_C_D)        0.051    15.601    p_reg[29]
  -------------------------------------------------------------------
                         required time                         15.601    
                         arrival time                         -12.354    
  -------------------------------------------------------------------
                         slack                                  3.247    

Slack (MET) :             3.331ns  (required time - arrival time)
  Source:                 a_r_reg[6]/C
                            (rising edge-triggered cell FDRE clocked by clk  {rise@0.000ns fall@5.000ns period=10.000ns})
  Destination:            p_reg[26]/D
                            (rising edge-triggered cell FDRE clocked by clk  {rise@0.000ns fall@5.000ns period=10.000ns})
  Path Group:             clk
  Path Type:              Setup (Max at Slow Process Corner)
  Requirement:            10.000ns  (clk rise@10.000ns - clk rise@0.000ns)
  Data Path Delay:        6.665ns  (logic 2.415ns (36.231%)  route 4.250ns (63.769%))
  Logic Levels:           14  (CARRY4=7 LUT3=1 LUT4=1 LUT5=2 LUT6=3)
  Clock Path Skew:        -0.019ns (DCD - SCD + CPR)
    Destination Clock Delay (DCD):    5.251ns = ( 15.251 - 10.000 ) 
    Source Clock Delay      (SCD):    5.603ns
    Clock Pessimism Removal (CPR):    0.333ns
  Clock Uncertainty:      0.035ns  ((TSJ^2 + TIJ^2)^1/2 + DJ) / 2 + PE
    Total System Jitter     (TSJ):    0.071ns
    Total Input Jitter      (TIJ):    0.000ns
    Discrete Jitter          (DJ):    0.000ns
    Phase Error              (PE):    0.000ns

    Location             Delay type                Incr(ns)  Path(ns)    Netlist Resource(s)
  -------------------------------------------------------------------    -------------------
                         (clock clk rise edge)        0.000     0.000 r  
    P23                                               0.000     0.000 r  clk (IN)
                         net (fo=0)                   0.000     0.000    clk
    P23                  IBUF (Prop_ibuf_I_O)         1.703     1.703 r  clk_IBUF_inst/O
                         net (fo=1, routed)           2.140     3.843    clk_IBUF
    BUFGCTRL_X0Y0        BUFG (Prop_bufg_I_O)         0.120     3.963 r  clk_IBUF_BUFG_inst/O
                         net (fo=64, routed)          1.640     5.603    clk_IBUF_BUFG
    SLICE_X0Y27          FDRE                                         r  a_r_reg[6]/C
  -------------------------------------------------------------------    -------------------
    SLICE_X0Y27          FDRE (Prop_fdre_C_Q)         0.269     5.872 r  a_r_reg[6]/Q
                         net (fo=33, routed)          1.111     6.983    a_r[6]
    SLICE_X8Y32          LUT6 (Prop_lut6_I3_O)        0.053     7.036 r  p[18]_i_67/O
                         net (fo=2, routed)           0.679     7.715    p[18]_i_67_n_0
    SLICE_X9Y29          LUT6 (Prop_lut6_I0_O)        0.053     7.768 r  p[18]_i_71/O
                         net (fo=1, routed)           0.000     7.768    p[18]_i_71_n_0
    SLICE_X9Y29          CARRY4 (Prop_carry4_S[0]_CO[3])
                                                      0.313     8.081 r  p_reg[18]_i_42/CO[3]
                         net (fo=1, routed)           0.000     8.081    p_reg[18]_i_42_n_0
    SLICE_X9Y30          CARRY4 (Prop_carry4_CI_CO[3])
                                                      0.058     8.139 r  p_reg[18]_i_41/CO[3]
                         net (fo=1, routed)           0.000     8.139    p_reg[18]_i_41_n_0
    SLICE_X9Y31          CARRY4 (Prop_carry4_CI_O[0])
                                                      0.139     8.278 r  p_reg[26]_i_57/O[0]
                         net (fo=3, routed)           0.737     9.015    p_reg[26]_i_57_n_7
    SLICE_X6Y31          LUT4 (Prop_lut4_I1_O)        0.168     9.183 r  p[22]_i_43/O
                         net (fo=2, routed)           0.280     9.463    p[22]_i_43_n_0
    SLICE_X7Y31          LUT5 (Prop_lut5_I0_O)        0.168     9.631 r  p[22]_i_47/O
                         net (fo=1, routed)           0.000     9.631    p[22]_i_47_n_0
    SLICE_X7Y31          CARRY4 (Prop_carry4_S[2]_CO[3])
                                                      0.235     9.866 r  p_reg[22]_i_16/CO[3]
                         net (fo=1, routed)           0.000     9.866    p_reg[22]_i_16_n_0
    SLICE_X7Y32          CARRY4 (Prop_carry4_CI_CO[3])
                                                      0.058     9.924 r  p_reg[26]_i_15/CO[3]
                         net (fo=1, routed)           0.000     9.924    p_reg[26]_i_15_n_0
    SLICE_X7Y33          CARRY4 (Prop_carry4_CI_O[0])
                                                      0.139    10.063 r  p_reg[30]_i_12/O[0]
                         net (fo=3, routed)           0.465    10.528    p_reg[30]_i_12_n_7
    SLICE_X6Y33          LUT3 (Prop_lut3_I1_O)        0.155    10.683 r  p[26]_i_14/O
                         net (fo=2, routed)           0.599    11.282    p[26]_i_14_n_0
    SLICE_X6Y33          LUT5 (Prop_lut5_I1_O)        0.064    11.346 r  p[26]_i_4/O
                         net (fo=2, routed)           0.379    11.726    p[26]_i_4_n_0
    SLICE_X4Y33          LUT6 (Prop_lut6_I0_O)        0.164    11.890 r  p[26]_i_8/O
                         net (fo=1, routed)           0.000    11.890    p[26]_i_8_n_0
    SLICE_X4Y33          CARRY4 (Prop_carry4_S[1]_O[3])
                                                      0.379    12.269 r  p_reg[26]_i_1/O[3]
                         net (fo=1, routed)           0.000    12.269    g_base.prod[26]
    SLICE_X4Y33          FDRE                                         r  p_reg[26]/D
  -------------------------------------------------------------------    -------------------

                         (clock clk rise edge)       10.000    10.000 r  
    P23                                               0.000    10.000 r  clk (IN)
                         net (fo=0)                   0.000    10.000    clk
    P23                  IBUF (Prop_ibuf_I_O)         1.561    11.561 r  clk_IBUF_inst/O
                         net (fo=1, routed)           2.040    13.601    clk_IBUF
    BUFGCTRL_X0Y0        BUFG (Prop_bufg_I_O)         0.113    13.714 r  clk_IBUF_BUFG_inst/O
                         net (fo=64, routed)          1.537    15.251    clk_IBUF_BUFG
    SLICE_X4Y33          FDRE                                         r  p_reg[26]/C
                         clock pessimism              0.333    15.584    
                         clock uncertainty           -0.035    15.549    
    SLICE_X4Y33          FDRE (Setup_fdre_C_D)        0.051    15.600    p_reg[26]
  -------------------------------------------------------------------
                         required time                         15.600    
                         arrival time                         -12.269    
  -------------------------------------------------------------------
                         slack                                  3.331    

Slack (MET) :             3.365ns  (required time - arrival time)
  Source:                 a_r_reg[6]/C
                            (rising edge-triggered cell FDRE clocked by clk  {rise@0.000ns fall@5.000ns period=10.000ns})
  Destination:            p_reg[25]/D
                            (rising edge-triggered cell FDRE clocked by clk  {rise@0.000ns fall@5.000ns period=10.000ns})
  Path Group:             clk
  Path Type:              Setup (Max at Slow Process Corner)
  Requirement:            10.000ns  (clk rise@10.000ns - clk rise@0.000ns)
  Data Path Delay:        6.631ns  (logic 2.381ns (35.904%)  route 4.250ns (64.095%))
  Logic Levels:           14  (CARRY4=7 LUT3=1 LUT4=1 LUT5=2 LUT6=3)
  Clock Path Skew:        -0.019ns (DCD - SCD + CPR)
    Destination Clock Delay (DCD):    5.251ns = ( 15.251 - 10.000 ) 
    Source Clock Delay      (SCD):    5.603ns
    Clock Pessimism Removal (CPR):    0.333ns
  Clock Uncertainty:      0.035ns  ((TSJ^2 + TIJ^2)^1/2 + DJ) / 2 + PE
    Total System Jitter     (TSJ):    0.071ns
    Total Input Jitter      (TIJ):    0.000ns
    Discrete Jitter          (DJ):    0.000ns
    Phase Error              (PE):    0.000ns

    Location             Delay type                Incr(ns)  Path(ns)    Netlist Resource(s)
  -------------------------------------------------------------------    -------------------
                         (clock clk rise edge)        0.000     0.000 r  
    P23                                               0.000     0.000 r  clk (IN)
                         net (fo=0)                   0.000     0.000    clk
    P23                  IBUF (Prop_ibuf_I_O)         1.703     1.703 r  clk_IBUF_inst/O
                         net (fo=1, routed)           2.140     3.843    clk_IBUF
    BUFGCTRL_X0Y0        BUFG (Prop_bufg_I_O)         0.120     3.963 r  clk_IBUF_BUFG_inst/O
                         net (fo=64, routed)          1.640     5.603    clk_IBUF_BUFG
    SLICE_X0Y27          FDRE                                         r  a_r_reg[6]/C
  -------------------------------------------------------------------    -------------------
    SLICE_X0Y27          FDRE (Prop_fdre_C_Q)         0.269     5.872 r  a_r_reg[6]/Q
                         net (fo=33, routed)          1.111     6.983    a_r[6]
    SLICE_X8Y32          LUT6 (Prop_lut6_I3_O)        0.053     7.036 r  p[18]_i_67/O
                         net (fo=2, routed)           0.679     7.715    p[18]_i_67_n_0
    SLICE_X9Y29          LUT6 (Prop_lut6_I0_O)        0.053     7.768 r  p[18]_i_71/O
                         net (fo=1, routed)           0.000     7.768    p[18]_i_71_n_0
    SLICE_X9Y29          CARRY4 (Prop_carry4_S[0]_CO[3])
                                                      0.313     8.081 r  p_reg[18]_i_42/CO[3]
                         net (fo=1, routed)           0.000     8.081    p_reg[18]_i_42_n_0
    SLICE_X9Y30          CARRY4 (Prop_carry4_CI_CO[3])
                                                      0.058     8.139 r  p_reg[18]_i_41/CO[3]
                         net (fo=1, routed)           0.000     8.139    p_reg[18]_i_41_n_0
    SLICE_X9Y31          CARRY4 (Prop_carry4_CI_O[0])
                                                      0.139     8.278 r  p_reg[26]_i_57/O[0]
                         net (fo=3, routed)           0.737     9.015    p_reg[26]_i_57_n_7
    SLICE_X6Y31          LUT4 (Prop_lut4_I1_O)        0.168     9.183 r  p[22]_i_43/O
                         net (fo=2, routed)           0.280     9.463    p[22]_i_43_n_0
    SLICE_X7Y31          LUT5 (Prop_lut5_I0_O)        0.168     9.631 r  p[22]_i_47/O
                         net (fo=1, routed)           0.000     9.631    p[22]_i_47_n_0
    SLICE_X7Y31          CARRY4 (Prop_carry4_S[2]_CO[3])
                                                      0.235     9.866 r  p_reg[22]_i_16/CO[3]
                         net (fo=1, routed)           0.000     9.866    p_reg[22]_i_16_n_0
    SLICE_X7Y32          CARRY4 (Prop_carry4_CI_CO[3])
                                                      0.058     9.924 r  p_reg[26]_i_15/CO[3]
                         net (fo=1, routed)           0.000     9.924    p_reg[26]_i_15_n_0
    SLICE_X7Y33          CARRY4 (Prop_carry4_CI_O[0])
                                                      0.139    10.063 r  p_reg[30]_i_12/O[0]
                         net (fo=3, routed)           0.465    10.528    p_reg[30]_i_12_n_7
    SLICE_X6Y33          LUT3 (Prop_lut3_I1_O)        0.155    10.683 r  p[26]_i_14/O
                         net (fo=2, routed)           0.599    11.282    p[26]_i_14_n_0
    SLICE_X6Y33          LUT5 (Prop_lut5_I1_O)        0.064    11.346 r  p[26]_i_4/O
                         net (fo=2, routed)           0.379    11.726    p[26]_i_4_n_0
    SLICE_X4Y33          LUT6 (Prop_lut6_I0_O)        0.164    11.890 r  p[26]_i_8/O
                         net (fo=1, routed)           0.000    11.890    p[26]_i_8_n_0
    SLICE_X4Y33          CARRY4 (Prop_carry4_S[1]_O[2])
                                                      0.345    12.235 r  p_reg[26]_i_1/O[2]
                         net (fo=1, routed)           0.000    12.235    g_base.prod[25]
    SLICE_X4Y33          FDRE                                         r  p_reg[25]/D
  -------------------------------------------------------------------    -------------------

                         (clock clk rise edge)       10.000    10.000 r  
    P23                                               0.000    10.000 r  clk (IN)
                         net (fo=0)                   0.000    10.000    clk
    P23                  IBUF (Prop_ibuf_I_O)         1.561    11.561 r  clk_IBUF_inst/O
                         net (fo=1, routed)           2.040    13.601    clk_IBUF
    BUFGCTRL_X0Y0        BUFG (Prop_bufg_I_O)         0.113    13.714 r  clk_IBUF_BUFG_inst/O
                         net (fo=64, routed)          1.537    15.251    clk_IBUF_BUFG
    SLICE_X4Y33          FDRE                                         r  p_reg[25]/C
                         clock pessimism              0.333    15.584    
                         clock uncertainty           -0.035    15.549    
    SLICE_X4Y33          FDRE (Setup_fdre_C_D)        0.051    15.600    p_reg[25]
  -------------------------------------------------------------------
                         required time                         15.600    
                         arrival time                         -12.235    
  -------------------------------------------------------------------
                         slack                                  3.365    

Slack (MET) :             3.382ns  (required time - arrival time)
  Source:                 a_r_reg[6]/C
                            (rising edge-triggered cell FDRE clocked by clk  {rise@0.000ns fall@5.000ns period=10.000ns})
  Destination:            p_reg[24]/D
                            (rising edge-triggered cell FDRE clocked by clk  {rise@0.000ns fall@5.000ns period=10.000ns})
  Path Group:             clk
  Path Type:              Setup (Max at Slow Process Corner)
  Requirement:            10.000ns  (clk rise@10.000ns - clk rise@0.000ns)
  Data Path Delay:        6.614ns  (logic 2.335ns (35.302%)  route 4.279ns (64.698%))
  Logic Levels:           13  (CARRY4=6 LUT3=1 LUT4=1 LUT5=2 LUT6=3)
  Clock Path Skew:        -0.019ns (DCD - SCD + CPR)
    Destination Clock Delay (DCD):    5.251ns = ( 15.251 - 10.000 ) 
    Source Clock Delay      (SCD):    5.603ns
    Clock Pessimism Removal (CPR):    0.333ns
  Clock Uncertainty:      0.035ns  ((TSJ^2 + TIJ^2)^1/2 + DJ) / 2 + PE
    Total System Jitter     (TSJ):    0.071ns
    Total Input Jitter      (TIJ):    0.000ns
    Discrete Jitter          (DJ):    0.000ns
    Phase Error              (PE):    0.000ns

    Location             Delay type                Incr(ns)  Path(ns)    Netlist Resource(s)
  -------------------------------------------------------------------    -------------------
                         (clock clk rise edge)        0.000     0.000 r  
    P23                                               0.000     0.000 r  clk (IN)
                         net (fo=0)                   0.000     0.000    clk
    P23                  IBUF (Prop_ibuf_I_O)         1.703     1.703 r  clk_IBUF_inst/O
                         net (fo=1, routed)           2.140     3.843    clk_IBUF
    BUFGCTRL_X0Y0        BUFG (Prop_bufg_I_O)         0.120     3.963 r  clk_IBUF_BUFG_inst/O
                         net (fo=64, routed)          1.640     5.603    clk_IBUF_BUFG
    SLICE_X0Y27          FDRE                                         r  a_r_reg[6]/C
  -------------------------------------------------------------------    -------------------
    SLICE_X0Y27          FDRE (Prop_fdre_C_Q)         0.269     5.872 r  a_r_reg[6]/Q
                         net (fo=33, routed)          1.111     6.983    a_r[6]
    SLICE_X8Y32          LUT6 (Prop_lut6_I3_O)        0.053     7.036 r  p[18]_i_67/O
                         net (fo=2, routed)           0.679     7.715    p[18]_i_67_n_0
    SLICE_X9Y29          LUT6 (Prop_lut6_I0_O)        0.053     7.768 r  p[18]_i_71/O
                         net (fo=1, routed)           0.000     7.768    p[18]_i_71_n_0
    SLICE_X9Y29          CARRY4 (Prop_carry4_S[0]_CO[3])
                                                      0.313     8.081 r  p_reg[18]_i_42/CO[3]
                         net (fo=1, routed)           0.000     8.081    p_reg[18]_i_42_n_0
    SLICE_X9Y30          CARRY4 (Prop_carry4_CI_CO[3])
                                                      0.058     8.139 r  p_reg[18]_i_41/CO[3]
                         net (fo=1, routed)           0.000     8.139    p_reg[18]_i_41_n_0
    SLICE_X9Y31          CARRY4 (Prop_carry4_CI_O[0])
                                                      0.139     8.278 r  p_reg[26]_i_57/O[0]
                         net (fo=3, routed)           0.737     9.015    p_reg[26]_i_57_n_7
    SLICE_X6Y31          LUT4 (Prop_lut4_I1_O)        0.168     9.183 r  p[22]_i_43/O
                         net (fo=2, routed)           0.280     9.463    p[22]_i_43_n_0
    SLICE_X7Y31          LUT5 (Prop_lut5_I0_O)        0.168     9.631 r  p[22]_i_47/O
                         net (fo=1, routed)           0.000     9.631    p[22]_i_47_n_0
    SLICE_X7Y31          CARRY4 (Prop_carry4_S[2]_O[3])
                                                      0.213     9.844 r  p_reg[22]_i_16/O[3]
                         net (fo=3, routed)           0.433    10.277    p_reg[22]_i_16_n_4
    SLICE_X6Y32          LUT3 (Prop_lut3_I1_O)        0.142    10.419 r  p[22]_i_17/O
                         net (fo=2, routed)           0.579    10.999    p[22]_i_17_n_0
    SLICE_X6Y31          LUT5 (Prop_lut5_I1_O)        0.065    11.064 r  p[22]_i_5/O
                         net (fo=2, routed)           0.460    11.523    p[22]_i_5_n_0
    SLICE_X4Y32          LUT6 (Prop_lut6_I0_O)        0.168    11.691 r  p[22]_i_9/O
                         net (fo=1, routed)           0.000    11.691    p[22]_i_9_n_0
    SLICE_X4Y32          CARRY4 (Prop_carry4_S[0]_CO[3])
                                                      0.313    12.004 r  p_reg[22]_i_1/CO[3]
                         net (fo=1, routed)           0.000    12.004    p_reg[22]_i_1_n_0
    SLICE_X4Y33          CARRY4 (Prop_carry4_CI_O[1])
                                                      0.213    12.217 r  p_reg[26]_i_1/O[1]
                         net (fo=1, routed)           0.000    12.217    g_base.prod[24]
    SLICE_X4Y33          FDRE                                         r  p_reg[24]/D
  -------------------------------------------------------------------    -------------------

                         (clock clk rise edge)       10.000    10.000 r  
    P23                                               0.000    10.000 r  clk (IN)
                         net (fo=0)                   0.000    10.000    clk
    P23                  IBUF (Prop_ibuf_I_O)         1.561    11.561 r  clk_IBUF_inst/O
                         net (fo=1, routed)           2.040    13.601    clk_IBUF
    BUFGCTRL_X0Y0        BUFG (Prop_bufg_I_O)         0.113    13.714 r  clk_IBUF_BUFG_inst/O
                         net (fo=64, routed)          1.537    15.251    clk_IBUF_BUFG
    SLICE_X4Y33          FDRE                                         r  p_reg[24]/C
                         clock pessimism              0.333    15.584    
                         clock uncertainty           -0.035    15.549    
    SLICE_X4Y33          FDRE (Setup_fdre_C_D)        0.051    15.600    p_reg[24]
  -------------------------------------------------------------------
                         required time                         15.600    
                         arrival time                         -12.217    
  -------------------------------------------------------------------
                         slack                                  3.382    

Slack (MET) :             3.456ns  (required time - arrival time)
  Source:                 a_r_reg[6]/C
                            (rising edge-triggered cell FDRE clocked by clk  {rise@0.000ns fall@5.000ns period=10.000ns})
  Destination:            p_reg[23]/D
                            (rising edge-triggered cell FDRE clocked by clk  {rise@0.000ns fall@5.000ns period=10.000ns})
  Path Group:             clk
  Path Type:              Setup (Max at Slow Process Corner)
  Requirement:            10.000ns  (clk rise@10.000ns - clk rise@0.000ns)
  Data Path Delay:        6.540ns  (logic 2.261ns (34.570%)  route 4.279ns (65.430%))
  Logic Levels:           13  (CARRY4=6 LUT3=1 LUT4=1 LUT5=2 LUT6=3)
  Clock Path Skew:        -0.019ns (DCD - SCD + CPR)
    Destination Clock Delay (DCD):    5.251ns = ( 15.251 - 10.000 ) 
    Source Clock Delay      (SCD):    5.603ns
    Clock Pessimism Removal (CPR):    0.333ns
  Clock Uncertainty:      0.035ns  ((TSJ^2 + TIJ^2)^1/2 + DJ) / 2 + PE
    Total System Jitter     (TSJ):    0.071ns
    Total Input Jitter      (TIJ):    0.000ns
    Discrete Jitter          (DJ):    0.000ns
    Phase Error              (PE):    0.000ns

    Location             Delay type                Incr(ns)  Path(ns)    Netlist Resource(s)
  -------------------------------------------------------------------    -------------------
                         (clock clk rise edge)        0.000     0.000 r  
    P23                                               0.000     0.000 r  clk (IN)
                         net (fo=0)                   0.000     0.000    clk
    P23                  IBUF (Prop_ibuf_I_O)         1.703     1.703 r  clk_IBUF_inst/O
                         net (fo=1, routed)           2.140     3.843    clk_IBUF
    BUFGCTRL_X0Y0        BUFG (Prop_bufg_I_O)         0.120     3.963 r  clk_IBUF_BUFG_inst/O
                         net (fo=64, routed)          1.640     5.603    clk_IBUF_BUFG
    SLICE_X0Y27          FDRE                                         r  a_r_reg[6]/C
  -------------------------------------------------------------------    -------------------
    SLICE_X0Y27          FDRE (Prop_fdre_C_Q)         0.269     5.872 r  a_r_reg[6]/Q
                         net (fo=33, routed)          1.111     6.983    a_r[6]
    SLICE_X8Y32          LUT6 (Prop_lut6_I3_O)        0.053     7.036 r  p[18]_i_67/O
                         net (fo=2, routed)           0.679     7.715    p[18]_i_67_n_0
    SLICE_X9Y29          LUT6 (Prop_lut6_I0_O)        0.053     7.768 r  p[18]_i_71/O
                         net (fo=1, routed)           0.000     7.768    p[18]_i_71_n_0
    SLICE_X9Y29          CARRY4 (Prop_carry4_S[0]_CO[3])
                                                      0.313     8.081 r  p_reg[18]_i_42/CO[3]
                         net (fo=1, routed)           0.000     8.081    p_reg[18]_i_42_n_0
    SLICE_X9Y30          CARRY4 (Prop_carry4_CI_CO[3])
                                                      0.058     8.139 r  p_reg[18]_i_41/CO[3]
                         net (fo=1, routed)           0.000     8.139    p_reg[18]_i_41_n_0
    SLICE_X9Y31          CARRY4 (Prop_carry4_CI_O[0])
                                                      0.139     8.278 r  p_reg[26]_i_57/O[0]
                         net (fo=3, routed)           0.737     9.015    p_reg[26]_i_57_n_7
    SLICE_X6Y31          LUT4 (Prop_lut4_I1_O)        0.168     9.183 r  p[22]_i_43/O
                         net (fo=2, routed)           0.280     9.463    p[22]_i_43_n_0
    SLICE_X7Y31          LUT5 (Prop_lut5_I0_O)        0.168     9.631 r  p[22]_i_47/O
                         net (fo=1, routed)           0.000     9.631    p[22]_i_47_n_0
    SLICE_X7Y31          CARRY4 (Prop_carry4_S[2]_O[3])
                                                      0.213     9.844 r  p_reg[22]_i_16/O[3]
                         net (fo=3, routed)           0.433    10.277    p_reg[22]_i_16_n_4
    SLICE_X6Y32          LUT3 (Prop_lut3_I1_O)        0.142    10.419 r  p[22]_i_17/O
                         net (fo=2, routed)           0.579    10.999    p[22]_i_17_n_0
    SLICE_X6Y31          LUT5 (Prop_lut5_I1_O)        0.065    11.064 r  p[22]_i_5/O
                         net (fo=2, routed)           0.460    11.523    p[22]_i_5_n_0
    SLICE_X4Y32          LUT6 (Prop_lut6_I0_O)        0.168    11.691 r  p[22]_i_9/O
                         net (fo=1, routed)           0.000    11.691    p[22]_i_9_n_0
    SLICE_X4Y32          CARRY4 (Prop_carry4_S[0]_CO[3])
                                                      0.313    12.004 r  p_reg[22]_i_1/CO[3]
                         net (fo=1, routed)           0.000    12.004    p_reg[22]_i_1_n_0
    SLICE_X4Y33          CARRY4 (Prop_carry4_CI_O[0])
                                                      0.139    12.143 r  p_reg[26]_i_1/O[0]
                         net (fo=1, routed)           0.000    12.143    g_base.prod[23]
    SLICE_X4Y33          FDRE                                         r  p_reg[23]/D
  -------------------------------------------------------------------    -------------------

                         (clock clk rise edge)       10.000    10.000 r  
    P23                                               0.000    10.000 r  clk (IN)
                         net (fo=0)                   0.000    10.000    clk
    P23                  IBUF (Prop_ibuf_I_O)         1.561    11.561 r  clk_IBUF_inst/O
                         net (fo=1, routed)           2.040    13.601    clk_IBUF
    BUFGCTRL_X0Y0        BUFG (Prop_bufg_I_O)         0.113    13.714 r  clk_IBUF_BUFG_inst/O
                         net (fo=64, routed)          1.537    15.251    clk_IBUF_BUFG
    SLICE_X4Y33          FDRE                                         r  p_reg[23]/C
                         clock pessimism              0.333    15.584    
                         clock uncertainty           -0.035    15.549    
    SLICE_X4Y33          FDRE (Setup_fdre_C_D)        0.051    15.600    p_reg[23]
  -------------------------------------------------------------------
                         required time                         15.600    
                         arrival time                         -12.143    
  -------------------------------------------------------------------
                         slack                                  3.456    

Slack (MET) :             3.551ns  (required time - arrival time)
  Source:                 a_r_reg[6]/C
                            (rising edge-triggered cell FDRE clocked by clk  {rise@0.000ns fall@5.000ns period=10.000ns})
  Destination:            p_reg[22]/D
                            (rising edge-triggered cell FDRE clocked by clk  {rise@0.000ns fall@5.000ns period=10.000ns})
  Path Group:             clk
  Path Type:              Setup (Max at Slow Process Corner)
  Requirement:            10.000ns  (clk rise@10.000ns - clk rise@0.000ns)
  Data Path Delay:        6.445ns  (logic 2.166ns (33.606%)  route 4.279ns (66.394%))
  Logic Levels:           12  (CARRY4=5 LUT3=1 LUT4=1 LUT5=2 LUT6=3)
  Clock Path Skew:        -0.019ns (DCD - SCD + CPR)
    Destination Clock Delay (DCD):    5.251ns = ( 15.251 - 10.000 ) 
    Source Clock Delay      (SCD):    5.603ns
    Clock Pessimism Removal (CPR):    0.333ns
  Clock Uncertainty:      0.035ns  ((TSJ^2 + TIJ^2)^1/2 + DJ) / 2 + PE
    Total System Jitter     (TSJ):    0.071ns
    Total Input Jitter      (TIJ):    0.000ns
    Discrete Jitter          (DJ):    0.000ns
    Phase Error              (PE):    0.000ns

    Location             Delay type                Incr(ns)  Path(ns)    Netlist Resource(s)
  -------------------------------------------------------------------    -------------------
                         (clock clk rise edge)        0.000     0.000 r  
    P23                                               0.000     0.000 r  clk (IN)
                         net (fo=0)                   0.000     0.000    clk
    P23                  IBUF (Prop_ibuf_I_O)         1.703     1.703 r  clk_IBUF_inst/O
                         net (fo=1, routed)           2.140     3.843    clk_IBUF
    BUFGCTRL_X0Y0        BUFG (Prop_bufg_I_O)         0.120     3.963 r  clk_IBUF_BUFG_inst/O
                         net (fo=64, routed)          1.640     5.603    clk_IBUF_BUFG
    SLICE_X0Y27          FDRE                                         r  a_r_reg[6]/C
  -------------------------------------------------------------------    -------------------
    SLICE_X0Y27          FDRE (Prop_fdre_C_Q)         0.269     5.872 r  a_r_reg[6]/Q
                         net (fo=33, routed)          1.111     6.983    a_r[6]
    SLICE_X8Y32          LUT6 (Prop_lut6_I3_O)        0.053     7.036 r  p[18]_i_67/O
                         net (fo=2, routed)           0.679     7.715    p[18]_i_67_n_0
    SLICE_X9Y29          LUT6 (Prop_lut6_I0_O)        0.053     7.768 r  p[18]_i_71/O
                         net (fo=1, routed)           0.000     7.768    p[18]_i_71_n_0
    SLICE_X9Y29          CARRY4 (Prop_carry4_S[0]_CO[3])
                                                      0.313     8.081 r  p_reg[18]_i_42/CO[3]
                         net (fo=1, routed)           0.000     8.081    p_reg[18]_i_42_n_0
    SLICE_X9Y30          CARRY4 (Prop_carry4_CI_CO[3])
                                                      0.058     8.139 r  p_reg[18]_i_41/CO[3]
                         net (fo=1, routed)           0.000     8.139    p_reg[18]_i_41_n_0
    SLICE_X9Y31          CARRY4 (Prop_carry4_CI_O[0])
                                                      0.139     8.278 r  p_reg[26]_i_57/O[0]
                         net (fo=3, routed)           0.737     9.015    p_reg[26]_i_57_n_7
    SLICE_X6Y31          LUT4 (Prop_lut4_I1_O)        0.168     9.183 r  p[22]_i_43/O
                         net (fo=2, routed)           0.280     9.463    p[22]_i_43_n_0
    SLICE_X7Y31          LUT5 (Prop_lut5_I0_O)        0.168     9.631 r  p[22]_i_47/O
                         net (fo=1, routed)           0.000     9.631    p[22]_i_47_n_0
    SLICE_X7Y31          CARRY4 (Prop_carry4_S[2]_O[3])
                                                      0.213     9.844 r  p_reg[22]_i_16/O[3]
                         net (fo=3, routed)           0.433    10.277    p_reg[22]_i_16_n_4
    SLICE_X6Y32          LUT3 (Prop_lut3_I1_O)        0.142    10.419 r  p[22]_i_17/O
                         net (fo=2, routed)           0.579    10.999    p[22]_i_17_n_0
    SLICE_X6Y31          LUT5 (Prop_lut5_I1_O)        0.065    11.064 r  p[22]_i_5/O
                         net (fo=2, routed)           0.460    11.523    p[22]_i_5_n_0
    SLICE_X4Y32          LUT6 (Prop_lut6_I0_O)        0.168    11.691 r  p[22]_i_9/O
                         net (fo=1, routed)           0.000    11.691    p[22]_i_9_n_0
    SLICE_X4Y32          CARRY4 (Prop_carry4_S[0]_O[3])
                                                      0.357    12.048 r  p_reg[22]_i_1/O[3]
                         net (fo=1, routed)           0.000    12.048    g_base.prod[22]
    SLICE_X4Y32          FDRE                                         r  p_reg[22]/D
  -------------------------------------------------------------------    -------------------

                         (clock clk rise edge)       10.000    10.000 r  
    P23                                               0.000    10.000 r  clk (IN)
                         net (fo=0)                   0.000    10.000    clk
    P23                  IBUF (Prop_ibuf_I_O)         1.561    11.561 r  clk_IBUF_inst/O
                         net (fo=1, routed)           2.040    13.601    clk_IBUF
    BUFGCTRL_X0Y0        BUFG (Prop_bufg_I_O)         0.113    13.714 r  clk_IBUF_BUFG_inst/O
                         net (fo=64, routed)          1.537    15.251    clk_IBUF_BUFG
    SLICE_X4Y32          FDRE                                         r  p_reg[22]/C
                         clock pessimism              0.333    15.584    
                         clock uncertainty           -0.035    15.549    
    SLICE_X4Y32          FDRE (Setup_fdre_C_D)        0.051    15.600    p_reg[22]
  -------------------------------------------------------------------
                         required time                         15.600    
                         arrival time                         -12.048    
  -------------------------------------------------------------------
                         slack                                  3.551    





Min Delay Paths
--------------------------------------------------------------------------------------
Slack (MET) :             0.462ns  (arrival time - required time)
  Source:                 a_r_reg[0]/C
                            (rising edge-triggered cell FDRE clocked by clk  {rise@0.000ns fall@5.000ns period=10.000ns})
  Destination:            p_reg[0]/D
                            (rising edge-triggered cell FDRE clocked by clk  {rise@0.000ns fall@5.000ns period=10.000ns})
  Path Group:             clk
  Path Type:              Hold (Min at Fast Process Corner)
  Requirement:            0.000ns  (clk rise@0.000ns - clk rise@0.000ns)
  Data Path Delay:        0.533ns  (logic 0.183ns (34.355%)  route 0.350ns (65.645%))
  Logic Levels:           2  (CARRY4=1 LUT2=1)
  Clock Path Skew:        0.000ns (DCD - SCD - CPR)
    Destination Clock Delay (DCD):    2.398ns
    Source Clock Delay      (SCD):    1.945ns
    Clock Pessimism Removal (CPR):    0.453ns

    Location             Delay type                Incr(ns)  Path(ns)    Netlist Resource(s)
  -------------------------------------------------------------------    -------------------
                         (clock clk rise edge)        0.000     0.000 r  
    P23                                               0.000     0.000 r  clk (IN)
                         net (fo=0)                   0.000     0.000    clk
    P23                  IBUF (Prop_ibuf_I_O)         0.434     0.434 r  clk_IBUF_inst/O
                         net (fo=1, routed)           0.863     1.297    clk_IBUF
    BUFGCTRL_X0Y0        BUFG (Prop_bufg_I_O)         0.026     1.323 r  clk_IBUF_BUFG_inst/O
                         net (fo=64, routed)          0.622     1.945    clk_IBUF_BUFG
    SLICE_X1Y26          FDRE                                         r  a_r_reg[0]/C
  -------------------------------------------------------------------    -------------------
    SLICE_X1Y26          FDRE (Prop_fdre_C_Q)         0.100     2.045 r  a_r_reg[0]/Q
                         net (fo=26, routed)          0.350     2.395    a_r[0]
    SLICE_X9Y27          LUT2 (Prop_lut2_I0_O)        0.028     2.423 r  p[2]_i_8/O
                         net (fo=1, routed)           0.000     2.423    p[2]_i_8_n_0
    SLICE_X9Y27          CARRY4 (Prop_carry4_S[0]_O[0])
                                                      0.055     2.478 r  p_reg[2]_i_1/O[0]
                         net (fo=1, routed)           0.000     2.478    g_base.prod[0]
    SLICE_X9Y27          FDRE                                         r  p_reg[0]/D
  -------------------------------------------------------------------    -------------------

                         (clock clk rise edge)        0.000     0.000 r  
    P23                                               0.000     0.000 r  clk (IN)
                         net (fo=0)                   0.000     0.000    clk
    P23                  IBUF (Prop_ibuf_I_O)         0.630     0.630 r  clk_IBUF_inst/O
                         net (fo=1, routed)           0.928     1.558    clk_IBUF
    BUFGCTRL_X0Y0        BUFG (Prop_bufg_I_O)         0.030     1.588 r  clk_IBUF_BUFG_inst/O
                         net (fo=64, routed)          0.810     2.398    clk_IBUF_BUFG
    SLICE_X9Y27          FDRE                                         r  p_reg[0]/C
                         clock pessimism             -0.453     1.945    
    SLICE_X9Y27          FDRE (Hold_fdre_C_D)         0.071     2.016    p_reg[0]
  -------------------------------------------------------------------
                         required time                         -2.016    
                         arrival time                           2.478    
  -------------------------------------------------------------------
                         slack                                  0.462    

Slack (MET) :             0.488ns  (arrival time - required time)
  Source:                 b_r_reg[14]/C
                            (rising edge-triggered cell FDRE clocked by clk  {rise@0.000ns fall@5.000ns period=10.000ns})
  Destination:            p_reg[29]/D
                            (rising edge-triggered cell FDRE clocked by clk  {rise@0.000ns fall@5.000ns period=10.000ns})
  Path Group:             clk
  Path Type:              Hold (Min at Fast Process Corner)
  Requirement:            0.000ns  (clk rise@0.000ns - clk rise@0.000ns)
  Data Path Delay:        0.589ns  (logic 0.300ns (50.923%)  route 0.289ns (49.077%))
  Logic Levels:           4  (CARRY4=2 LUT5=1 LUT6=1)
  Clock Path Skew:        0.030ns (DCD - SCD - CPR)
    Destination Clock Delay (DCD):    2.436ns
    Source Clock Delay      (SCD):    1.953ns
    Clock Pessimism Removal (CPR):    0.453ns

    Location             Delay type                Incr(ns)  Path(ns)    Netlist Resource(s)
  -------------------------------------------------------------------    -------------------
                         (clock clk rise edge)        0.000     0.000 r  
    P23                                               0.000     0.000 r  clk (IN)
                         net (fo=0)                   0.000     0.000    clk
    P23                  IBUF (Prop_ibuf_I_O)         0.434     0.434 r  clk_IBUF_inst/O
                         net (fo=1, routed)           0.863     1.297    clk_IBUF
    BUFGCTRL_X0Y0        BUFG (Prop_bufg_I_O)         0.026     1.323 r  clk_IBUF_BUFG_inst/O
                         net (fo=64, routed)          0.630     1.953    clk_IBUF_BUFG
    SLICE_X1Y35          FDRE                                         r  b_r_reg[14]/C
  -------------------------------------------------------------------    -------------------
    SLICE_X1Y35          FDRE (Prop_fdre_C_Q)         0.100     2.053 r  b_r_reg[14]/Q
                         net (fo=32, routed)          0.129     2.182    b_r[14]
    SLICE_X5Y35          LUT6 (Prop_lut6_I3_O)        0.028     2.210 r  p[31]_i_13/O
                         net (fo=1, routed)           0.000     2.210    p[31]_i_13_n_0
    SLICE_X5Y35          CARRY4 (Prop_carry4_S[0]_O[0])
                                                      0.055     2.265 r  p_reg[31]_i_4/O[0]
                         net (fo=4, routed)           0.160     2.425    p_reg[31]_i_4_n_7
    SLICE_X4Y34          LUT5 (Prop_lut5_I2_O)        0.066     2.491 r  p[30]_i_7/O
                         net (fo=1, routed)           0.000     2.491    p[30]_i_7_n_0
    SLICE_X4Y34          CARRY4 (Prop_carry4_S[2]_O[2])
                                                      0.051     2.542 r  p_reg[30]_i_1/O[2]
                         net (fo=1, routed)           0.000     2.542    g_base.prod[29]
    SLICE_X4Y34          FDRE                                         r  p_reg[29]/D
  -------------------------------------------------------------------    -------------------

                         (clock clk rise edge)        0.000     0.000 r  
    P23                                               0.000     0.000 r  clk (IN)
                         net (fo=0)                   0.000     0.000    clk
    P23                  IBUF (Prop_ibuf_I_O)         0.630     0.630 r  clk_IBUF_inst/O
                         net (fo=1, routed)           0.928     1.558    clk_IBUF
    BUFGCTRL_X0Y0        BUFG (Prop_bufg_I_O)         0.030     1.588 r  clk_IBUF_BUFG_inst/O
                         net (fo=64, routed)          0.848     2.436    clk_IBUF_BUFG
    SLICE_X4Y34          FDRE                                         r  p_reg[29]/C
                         clock pessimism             -0.453     1.983    
    SLICE_X4Y34          FDRE (Hold_fdre_C_D)         0.071     2.054    p_reg[29]
  -------------------------------------------------------------------
                         required time                         -2.054    
                         arrival time                           2.542    
  -------------------------------------------------------------------
                         slack                                  0.488    

Slack (MET) :             0.488ns  (arrival time - required time)
  Source:                 a_r_reg[2]/C
                            (rising edge-triggered cell FDRE clocked by clk  {rise@0.000ns fall@5.000ns period=10.000ns})
  Destination:            p_reg[2]/D
                            (rising edge-triggered cell FDRE clocked by clk  {rise@0.000ns fall@5.000ns period=10.000ns})
  Path Group:             clk
  Path Type:              Hold (Min at Fast Process Corner)
  Requirement:            0.000ns  (clk rise@0.000ns - clk rise@0.000ns)
  Data Path Delay:        0.559ns  (logic 0.197ns (35.219%)  route 0.362ns (64.781%))
  Logic Levels:           2  (CARRY4=1 LUT6=1)
  Clock Path Skew:        0.000ns (DCD - SCD - CPR)
    Destination Clock Delay (DCD):    2.398ns
    Source Clock Delay      (SCD):    1.945ns
    Clock Pessimism Removal (CPR):    0.453ns

    Location             Delay type                Incr(ns)  Path(ns)    Netlist Resource(s)
  -------------------------------------------------------------------    -------------------
                         (clock clk rise edge)        0.000     0.000 r  
    P23                                               0.000     0.000 r  clk (IN)
                         net (fo=0)                   0.000     0.000    clk
    P23                  IBUF (Prop_ibuf_I_O)         0.434     0.434 r  clk_IBUF_inst/O
                         net (fo=1, routed)           0.863     1.297    clk_IBUF
    BUFGCTRL_X0Y0        BUFG (Prop_bufg_I_O)         0.026     1.323 r  clk_IBUF_BUFG_inst/O
                         net (fo=64, routed)          0.622     1.945    clk_IBUF_BUFG
    SLICE_X2Y26          FDRE                                         r  a_r_reg[2]/C
  -------------------------------------------------------------------    -------------------
    SLICE_X2Y26          FDRE (Prop_fdre_C_Q)         0.118     2.063 r  a_r_reg[2]/Q
                         net (fo=32, routed)          0.362     2.425    a_r[2]
    SLICE_X9Y27          LUT6 (Prop_lut6_I5_O)        0.028     2.453 r  p[2]_i_6/O
                         net (fo=1, routed)           0.000     2.453    p[2]_i_6_n_0
    SLICE_X9Y27          CARRY4 (Prop_carry4_S[2]_O[2])
                                                      0.051     2.504 r  p_reg[2]_i_1/O[2]
                         net (fo=1, routed)           0.000     2.504    g_base.prod[2]
    SLICE_X9Y27          FDRE                                         r  p_reg[2]/D
  -------------------------------------------------------------------    -------------------

                         (clock clk rise edge)        0.000     0.000 r  
    P23                                               0.000     0.000 r  clk (IN)
                         net (fo=0)                   0.000     0.000    clk
    P23                  IBUF (Prop_ibuf_I_O)         0.630     0.630 r  clk_IBUF_inst/O
                         net (fo=1, routed)           0.928     1.558    clk_IBUF
    BUFGCTRL_X0Y0        BUFG (Prop_bufg_I_O)         0.030     1.588 r  clk_IBUF_BUFG_inst/O
                         net (fo=64, routed)          0.810     2.398    clk_IBUF_BUFG
    SLICE_X9Y27          FDRE                                         r  p_reg[2]/C
                         clock pessimism             -0.453     1.945    
    SLICE_X9Y27          FDRE (Hold_fdre_C_D)         0.071     2.016    p_reg[2]
  -------------------------------------------------------------------
                         required time                         -2.016    
                         arrival time                           2.504    
  -------------------------------------------------------------------
                         slack                                  0.488    

Slack (MET) :             0.489ns  (arrival time - required time)
  Source:                 a_r_reg[0]/C
                            (rising edge-triggered cell FDRE clocked by clk  {rise@0.000ns fall@5.000ns period=10.000ns})
  Destination:            p_reg[1]/D
                            (rising edge-triggered cell FDRE clocked by clk  {rise@0.000ns fall@5.000ns period=10.000ns})
  Path Group:             clk
  Path Type:              Hold (Min at Fast Process Corner)
  Requirement:            0.000ns  (clk rise@0.000ns - clk rise@0.000ns)
  Data Path Delay:        0.560ns  (logic 0.210ns (37.522%)  route 0.350ns (62.478%))
  Logic Levels:           2  (CARRY4=1 LUT2=1)
  Clock Path Skew:        0.000ns (DCD - SCD - CPR)
    Destination Clock Delay (DCD):    2.398ns
    Source Clock Delay      (SCD):    1.945ns
    Clock Pessimism Removal (CPR):    0.453ns

    Location             Delay type                Incr(ns)  Path(ns)    Netlist Resource(s)
  -------------------------------------------------------------------    -------------------
                         (clock clk rise edge)        0.000     0.000 r  
    P23                                               0.000     0.000 r  clk (IN)
                         net (fo=0)                   0.000     0.000    clk
    P23                  IBUF (Prop_ibuf_I_O)         0.434     0.434 r  clk_IBUF_inst/O
                         net (fo=1, routed)           0.863     1.297    clk_IBUF
    BUFGCTRL_X0Y0        BUFG (Prop_bufg_I_O)         0.026     1.323 r  clk_IBUF_BUFG_inst/O
                         net (fo=64, routed)          0.622     1.945    clk_IBUF_BUFG
    SLICE_X1Y26          FDRE                                         r  a_r_reg[0]/C
  -------------------------------------------------------------------    -------------------
    SLICE_X1Y26          FDRE (Prop_fdre_C_Q)         0.100     2.045 r  a_r_reg[0]/Q
                         net (fo=26, routed)          0.350     2.395    a_r[0]
    SLICE_X9Y27          LUT2 (Prop_lut2_I0_O)        0.028     2.423 r  p[2]_i_8/O
                         net (fo=1, routed)           0.000     2.423    p[2]_i_8_n_0
    SLICE_X9Y27          CARRY4 (Prop_carry4_S[0]_O[1])
                                                      0.082     2.505 r  p_reg[2]_i_1/O[1]
                         net (fo=1, routed)           0.000     2.505    g_base.prod[1]
    SLICE_X9Y27          FDRE                                         r  p_reg[1]/D
  -------------------------------------------------------------------    -------------------

                         (clock clk rise edge)        0.000     0.000 r  
    P23                                               0.000     0.000 r  clk (IN)
                         net (fo=0)                   0.000     0.000    clk
    P23                  IBUF (Prop_ibuf_I_O)         0.630     0.630 r  clk_IBUF_inst/O
                         net (fo=1, routed)           0.928     1.558    clk_IBUF
    BUFGCTRL_X0Y0        BUFG (Prop_bufg_I_O)         0.030     1.588 r  clk_IBUF_BUFG_inst/O
                         net (fo=64, routed)          0.810     2.398    clk_IBUF_BUFG
    SLICE_X9Y27          FDRE                                         r  p_reg[1]/C
                         clock pessimism             -0.453     1.945    
    SLICE_X9Y27          FDRE (Hold_fdre_C_D)         0.071     2.016    p_reg[1]
  -------------------------------------------------------------------
                         required time                         -2.016    
                         arrival time                           2.505    
  -------------------------------------------------------------------
                         slack                                  0.489    

Slack (MET) :             0.506ns  (arrival time - required time)
  Source:                 a_r_reg[5]/C
                            (rising edge-triggered cell FDRE clocked by clk  {rise@0.000ns fall@5.000ns period=10.000ns})
  Destination:            p_reg[12]/D
                            (rising edge-triggered cell FDRE clocked by clk  {rise@0.000ns fall@5.000ns period=10.000ns})
  Path Group:             clk
  Path Type:              Hold (Min at Fast Process Corner)
  Requirement:            0.000ns  (clk rise@0.000ns - clk rise@0.000ns)
  Data Path Delay:        0.610ns  (logic 0.295ns (48.335%)  route 0.315ns (51.665%))
  Logic Levels:           4  (CARRY4=2 LUT5=1 LUT6=1)
  Clock Path Skew:        0.033ns (DCD - SCD - CPR)
    Destination Clock Delay (DCD):    2.432ns
    Source Clock Delay      (SCD):    1.946ns
    Clock Pessimism Removal (CPR):    0.453ns

    Location             Delay type                Incr(ns)  Path(ns)    Netlist Resource(s)
  -------------------------------------------------------------------    -------------------
                         (clock clk rise edge)        0.000     0.000 r  
    P23                                               0.000     0.000 r  clk (IN)
                         net (fo=0)                   0.000     0.000    clk
    P23                  IBUF (Prop_ibuf_I_O)         0.434     0.434 r  clk_IBUF_inst/O
                         net (fo=1, routed)           0.863     1.297    clk_IBUF
    BUFGCTRL_X0Y0        BUFG (Prop_bufg_I_O)         0.026     1.323 r  clk_IBUF_BUFG_inst/O
                         net (fo=64, routed)          0.623     1.946    clk_IBUF_BUFG
    SLICE_X3Y27          FDRE                                         r  a_r_reg[5]/C
  -------------------------------------------------------------------    -------------------
    SLICE_X3Y27          FDRE (Prop_fdre_C_Q)         0.100     2.046 r  a_r_reg[5]/Q
                         net (fo=33, routed)          0.120     2.166    a_r[5]
    SLICE_X2Y27          LUT6 (Prop_lut6_I2_O)        0.028     2.194 r  p[14]_i_20/O
                         net (fo=1, routed)           0.000     2.194    p[14]_i_20_n_0
    SLICE_X2Y27          CARRY4 (Prop_carry4_S[2]_O[2])
                                                      0.047     2.241 r  p_reg[14]_i_10/O[2]
                         net (fo=2, routed)           0.195     2.436    p_reg[14]_i_10_n_5
    SLICE_X4Y30          LUT5 (Prop_lut5_I2_O)        0.071     2.507 r  p[14]_i_8/O
                         net (fo=1, routed)           0.000     2.507    p[14]_i_8_n_0
    SLICE_X4Y30          CARRY4 (Prop_carry4_S[1]_O[1])
                                                      0.049     2.556 r  p_reg[14]_i_1/O[1]
                         net (fo=1, routed)           0.000     2.556    g_base.prod[12]
    SLICE_X4Y30          FDRE                                         r  p_reg[12]/D
  -------------------------------------------------------------------    -------------------

                         (clock clk rise edge)        0.000     0.000 r  
    P23                                               0.000     0.000 r  clk (IN)
                         net (fo=0)                   0.000     0.000    clk
    P23                  IBUF (Prop_ibuf_I_O)         0.630     0.630 r  clk_IBUF_inst/O
                         net (fo=1, routed)           0.928     1.558    clk_IBUF
    BUFGCTRL_X0Y0        BUFG (Prop_bufg_I_O)         0.030     1.588 r  clk_IBUF_BUFG_inst/O
                         net (fo=64, routed)          0.844     2.432    clk_IBUF_BUFG
    SLICE_X4Y30          FDRE                                         r  p_reg[12]/C
                         clock pessimism             -0.453     1.979    
    SLICE_X4Y30          FDRE (Hold_fdre_C_D)         0.071     2.050    p_reg[12]
  -------------------------------------------------------------------
                         required time                         -2.050    
                         arrival time                           2.556    
  -------------------------------------------------------------------
                         slack                                  0.506    

Slack (MET) :             0.512ns  (arrival time - required time)
  Source:                 b_r_reg[14]/C
                            (rising edge-triggered cell FDRE clocked by clk  {rise@0.000ns fall@5.000ns period=10.000ns})
  Destination:            p_reg[30]/D
                            (rising edge-triggered cell FDRE clocked by clk  {rise@0.000ns fall@5.000ns period=10.000ns})
  Path Group:             clk
  Path Type:              Hold (Min at Fast Process Corner)
  Requirement:            0.000ns  (clk rise@0.000ns - clk rise@0.000ns)
  Data Path Delay:        0.613ns  (logic 0.324ns (52.844%)  route 0.289ns (47.156%))
  Logic Levels:           4  (CARRY4=2 LUT5=1 LUT6=1)
  Clock Path Skew:        0.030ns (DCD - SCD - CPR)
    Destination Clock Delay (DCD):    2.436ns
    Source Clock Delay      (SCD):    1.953ns
    Clock Pessimism Removal (CPR):    0.453ns

    Location             Delay type                Incr(ns)  Path(ns)    Netlist Resource(s)
  -------------------------------------------------------------------    -------------------
                         (clock clk rise edge)        0.000     0.000 r  
    P23                                               0.000     0.000 r  clk (IN)
                         net (fo=0)                   0.000     0.000    clk
    P23                  IBUF (Prop_ibuf_I_O)         0.434     0.434 r  clk_IBUF_inst/O
                         net (fo=1, routed)           0.863     1.297    clk_IBUF
    BUFGCTRL_X0Y0        BUFG (Prop_bufg_I_O)         0.026     1.323 r  clk_IBUF_BUFG_inst/O
                         net (fo=64, routed)          0.630     1.953    clk_IBUF_BUFG
    SLICE_X1Y35          FDRE                                         r  b_r_reg[14]/C
  -------------------------------------------------------------------    -------------------
    SLICE_X1Y35          FDRE (Prop_fdre_C_Q)         0.100     2.053 r  b_r_reg[14]/Q
                         net (fo=32, routed)          0.129     2.182    b_r[14]
    SLICE_X5Y35          LUT6 (Prop_lut6_I3_O)        0.028     2.210 r  p[31]_i_13/O
                         net (fo=1, routed)           0.000     2.210    p[31]_i_13_n_0
    SLICE_X5Y35          CARRY4 (Prop_carry4_S[0]_O[0])
                                                      0.055     2.265 r  p_reg[31]_i_4/O[0]
                         net (fo=4, routed)           0.160     2.425    p_reg[31]_i_4_n_7
    SLICE_X4Y34          LUT5 (Prop_lut5_I2_O)        0.066     2.491 r  p[30]_i_7/O
                         net (fo=1, routed)           0.000     2.491    p[30]_i_7_n_0
    SLICE_X4Y34          CARRY4 (Prop_carry4_S[2]_O[3])
                                                      0.075     2.566 r  p_reg[30]_i_1/O[3]
                         net (fo=1, routed)           0.000     2.566    g_base.prod[30]
    SLICE_X4Y34          FDRE                                         r  p_reg[30]/D
  -------------------------------------------------------------------    -------------------

                         (clock clk rise edge)        0.000     0.000 r  
    P23                                               0.000     0.000 r  clk (IN)
                         net (fo=0)                   0.000     0.000    clk
    P23                  IBUF (Prop_ibuf_I_O)         0.630     0.630 r  clk_IBUF_inst/O
                         net (fo=1, routed)           0.928     1.558    clk_IBUF
    BUFGCTRL_X0Y0        BUFG (Prop_bufg_I_O)         0.030     1.588 r  clk_IBUF_BUFG_inst/O
                         net (fo=64, routed)          0.848     2.436    clk_IBUF_BUFG
    SLICE_X4Y34          FDRE                                         r  p_reg[30]/C
                         clock pessimism             -0.453     1.983    
    SLICE_X4Y34          FDRE (Hold_fdre_C_D)         0.071     2.054    p_reg[30]
  -------------------------------------------------------------------
                         required time                         -2.054    
                         arrival time                           2.566    
  -------------------------------------------------------------------
                         slack                                  0.512    

Slack (MET) :             0.545ns  (arrival time - required time)
  Source:                 b_r_reg[9]/C
                            (rising edge-triggered cell FDRE clocked by clk  {rise@0.000ns fall@5.000ns period=10.000ns})
  Destination:            p_reg[28]/D
                            (rising edge-triggered cell FDRE clocked by clk  {rise@0.000ns fall@5.000ns period=10.000ns})
  Path Group:             clk
  Path Type:              Hold (Min at Fast Process Corner)
  Requirement:            0.000ns  (clk rise@0.000ns - clk rise@0.000ns)
  Data Path Delay:        0.647ns  (logic 0.367ns (56.754%)  route 0.280ns (43.246%))
  Logic Levels:           4  (CARRY4=2 LUT6=2)
  Clock Path Skew:        0.031ns (DCD - SCD - CPR)
    Destination Clock Delay (DCD):    2.436ns
    Source Clock Delay      (SCD):    1.952ns
    Clock Pessimism Removal (CPR):    0.453ns

    Location             Delay type                Incr(ns)  Path(ns)    Netlist Resource(s)
  -------------------------------------------------------------------    -------------------
                         (clock clk rise edge)        0.000     0.000 r  
    P23                                               0.000     0.000 r  clk (IN)
                         net (fo=0)                   0.000     0.000    clk
    P23                  IBUF (Prop_ibuf_I_O)         0.434     0.434 r  clk_IBUF_inst/O
                         net (fo=1, routed)           0.863     1.297    clk_IBUF
    BUFGCTRL_X0Y0        BUFG (Prop_bufg_I_O)         0.026     1.323 r  clk_IBUF_BUFG_inst/O
                         net (fo=64, routed)          0.629     1.952    clk_IBUF_BUFG
    SLICE_X0Y33          FDRE                                         r  b_r_reg[9]/C
  -------------------------------------------------------------------    -------------------
    SLICE_X0Y33          FDRE (Prop_fdre_C_Q)         0.100     2.052 r  b_r_reg[9]/Q
                         net (fo=32, routed)          0.133     2.185    b_r[9]
    SLICE_X3Y33          LUT6 (Prop_lut6_I0_O)        0.028     2.213 r  p[30]_i_17/O
                         net (fo=1, routed)           0.000     2.213    p[30]_i_17_n_0
    SLICE_X3Y33          CARRY4 (Prop_carry4_S[0]_CO[2])
                                                      0.121     2.334 r  p_reg[30]_i_10/CO[2]
                         net (fo=4, routed)           0.146     2.481    p_reg[30]_i_10_n_1
    SLICE_X4Y34          LUT6 (Prop_lut6_I5_O)        0.069     2.550 r  p[30]_i_8/O
                         net (fo=1, routed)           0.000     2.550    p[30]_i_8_n_0
    SLICE_X4Y34          CARRY4 (Prop_carry4_S[1]_O[1])
                                                      0.049     2.599 r  p_reg[30]_i_1/O[1]
                         net (fo=1, routed)           0.000     2.599    g_base.prod[28]
    SLICE_X4Y34          FDRE                                         r  p_reg[28]/D
  -------------------------------------------------------------------    -------------------

                         (clock clk rise edge)        0.000     0.000 r  
    P23                                               0.000     0.000 r  clk (IN)
                         net (fo=0)                   0.000     0.000    clk
    P23                  IBUF (Prop_ibuf_I_O)         0.630     0.630 r  clk_IBUF_inst/O
                         net (fo=1, routed)           0.928     1.558    clk_IBUF
    BUFGCTRL_X0Y0        BUFG (Prop_bufg_I_O)         0.030     1.588 r  clk_IBUF_BUFG_inst/O
                         net (fo=64, routed)          0.848     2.436    clk_IBUF_BUFG
    SLICE_X4Y34          FDRE                                         r  p_reg[28]/C
                         clock pessimism             -0.453     1.983    
    SLICE_X4Y34          FDRE (Hold_fdre_C_D)         0.071     2.054    p_reg[28]
  -------------------------------------------------------------------
                         required time                         -2.054    
                         arrival time                           2.599    
  -------------------------------------------------------------------
                         slack                                  0.545    

Slack (MET) :             0.547ns  (arrival time - required time)
  Source:                 a_r_reg[5]/C
                            (rising edge-triggered cell FDRE clocked by clk  {rise@0.000ns fall@5.000ns period=10.000ns})
  Destination:            p_reg[13]/D
                            (rising edge-triggered cell FDRE clocked by clk  {rise@0.000ns fall@5.000ns period=10.000ns})
  Path Group:             clk
  Path Type:              Hold (Min at Fast Process Corner)
  Requirement:            0.000ns  (clk rise@0.000ns - clk rise@0.000ns)
  Data Path Delay:        0.651ns  (logic 0.320ns (49.184%)  route 0.331ns (50.816%))
  Logic Levels:           4  (CARRY4=2 LUT6=2)
  Clock Path Skew:        0.033ns (DCD - SCD - CPR)
    Destination Clock Delay (DCD):    2.432ns
    Source Clock Delay      (SCD):    1.946ns
    Clock Pessimism Removal (CPR):    0.453ns

    Location             Delay type                Incr(ns)  Path(ns)    Netlist Resource(s)
  -------------------------------------------------------------------    -------------------
                         (clock clk rise edge)        0.000     0.000 r  
    P23                                               0.000     0.000 r  clk (IN)
                         net (fo=0)                   0.000     0.000    clk
    P23                  IBUF (Prop_ibuf_I_O)         0.434     0.434 r  clk_IBUF_inst/O
                         net (fo=1, routed)           0.863     1.297    clk_IBUF
    BUFGCTRL_X0Y0        BUFG (Prop_bufg_I_O)         0.026     1.323 r  clk_IBUF_BUFG_inst/O
                         net (fo=64, routed)          0.623     1.946    clk_IBUF_BUFG
    SLICE_X3Y27          FDRE                                         r  a_r_reg[5]/C
  -------------------------------------------------------------------    -------------------
    SLICE_X3Y27          FDRE (Prop_fdre_C_Q)         0.100     2.046 r  a_r_reg[5]/Q
                         net (fo=33, routed)          0.120     2.166    a_r[5]
    SLICE_X2Y27          LUT6 (Prop_lut6_I2_O)        0.028     2.194 r  p[14]_i_20/O
                         net (fo=1, routed)           0.000     2.194    p[14]_i_20_n_0
    SLICE_X2Y27          CARRY4 (Prop_carry4_S[2]_O[3])
                                                      0.073     2.267 r  p_reg[14]_i_10/O[3]
                         net (fo=2, routed)           0.211     2.478    p_reg[14]_i_10_n_4
    SLICE_X4Y30          LUT6 (Prop_lut6_I2_O)        0.068     2.546 r  p[14]_i_7/O
                         net (fo=1, routed)           0.000     2.546    p[14]_i_7_n_0
    SLICE_X4Y30          CARRY4 (Prop_carry4_S[2]_O[2])
                                                      0.051     2.597 r  p_reg[14]_i_1/O[2]
                         net (fo=1, routed)           0.000     2.597    g_base.prod[13]
    SLICE_X4Y30          FDRE                                         r  p_reg[13]/D
  -------------------------------------------------------------------    -------------------

                         (clock clk rise edge)        0.000     0.000 r  
    P23                                               0.000     0.000 r  clk (IN)
                         net (fo=0)                   0.000     0.000    clk
    P23                  IBUF (Prop_ibuf_I_O)         0.630     0.630 r  clk_IBUF_inst/O
                         net (fo=1, routed)           0.928     1.558    clk_IBUF
    BUFGCTRL_X0Y0        BUFG (Prop_bufg_I_O)         0.030     1.588 r  clk_IBUF_BUFG_inst/O
                         net (fo=64, routed)          0.844     2.432    clk_IBUF_BUFG
    SLICE_X4Y30          FDRE                                         r  p_reg[13]/C
                         clock pessimism             -0.453     1.979    
    SLICE_X4Y30          FDRE (Hold_fdre_C_D)         0.071     2.050    p_reg[13]
  -------------------------------------------------------------------
                         required time                         -2.050    
                         arrival time                           2.597    
  -------------------------------------------------------------------
                         slack                                  0.547    

Slack (MET) :             0.562ns  (arrival time - required time)
  Source:                 b_r_reg[14]/C
                            (rising edge-triggered cell FDRE clocked by clk  {rise@0.000ns fall@5.000ns period=10.000ns})
  Destination:            p_reg[31]/D
                            (rising edge-triggered cell FDRE clocked by clk  {rise@0.000ns fall@5.000ns period=10.000ns})
  Path Group:             clk
  Path Type:              Hold (Min at Fast Process Corner)
  Requirement:            0.000ns  (clk rise@0.000ns - clk rise@0.000ns)
  Data Path Delay:        0.664ns  (logic 0.375ns (56.465%)  route 0.289ns (43.535%))
  Logic Levels:           5  (CARRY4=3 LUT5=1 LUT6=1)
  Clock Path Skew:        0.031ns (DCD - SCD - CPR)
    Destination Clock Delay (DCD):    2.437ns
    Source Clock Delay      (SCD):    1.953ns
    Clock Pessimism Removal (CPR):    0.453ns

    Location             Delay type                Incr(ns)  Path(ns)    Netlist Resource(s)
  -------------------------------------------------------------------    -------------------
                         (clock clk rise edge)        0.000     0.000 r  
    P23                                               0.000     0.000 r  clk (IN)
                         net (fo=0)                   0.000     0.000    clk
    P23                  IBUF (Prop_ibuf_I_O)         0.434     0.434 r  clk_IBUF_inst/O
                         net (fo=1, routed)           0.863     1.297    clk_IBUF
    BUFGCTRL_X0Y0        BUFG (Prop_bufg_I_O)         0.026     1.323 r  clk_IBUF_BUFG_inst/O
                         net (fo=64, routed)          0.630     1.953    clk_IBUF_BUFG
    SLICE_X1Y35          FDRE                                         r  b_r_reg[14]/C
  -------------------------------------------------------------------    -------------------
    SLICE_X1Y35          FDRE (Prop_fdre_C_Q)         0.100     2.053 r  b_r_reg[14]/Q
                         net (fo=32, routed)          0.129     2.182    b_r[14]
    SLICE_X5Y35          LUT6 (Prop_lut6_I3_O)        0.028     2.210 r  p[31]_i_13/O
                         net (fo=1, routed)           0.000     2.210    p[31]_i_13_n_0
    SLICE_X5Y35          CARRY4 (Prop_carry4_S[0]_O[0])
                                                      0.055     2.265 r  p_reg[31]_i_4/O[0]
                         net (fo=4, routed)           0.160     2.425    p_reg[31]_i_4_n_7
    SLICE_X4Y34          LUT5 (Prop_lut5_I2_O)        0.066     2.491 r  p[30]_i_7/O
                         net (fo=1, routed)           0.000     2.491    p[30]_i_7_n_0
    SLICE_X4Y34          CARRY4 (Prop_carry4_S[2]_CO[3])
                                                      0.085     2.576 r  p_reg[30]_i_1/CO[3]
                         net (fo=1, routed)           0.000     2.576    p_reg[30]_i_1_n_0
    SLICE_X4Y35          CARRY4 (Prop_carry4_CI_O[0])
                                                      0.041     2.617 r  p_reg[31]_i_1/O[0]
                         net (fo=1, routed)           0.000     2.617    g_base.prod[31]
    SLICE_X4Y35          FDRE                                         r  p_reg[31]/D
  -------------------------------------------------------------------    -------------------

                         (clock clk rise edge)        0.000     0.000 r  
    P23                                               0.000     0.000 r  clk (IN)
                         net (fo=0)                   0.000     0.000    clk
    P23                  IBUF (Prop_ibuf_I_O)         0.630     0.630 r  clk_IBUF_inst/O
                         net (fo=1, routed)           0.928     1.558    clk_IBUF
    BUFGCTRL_X0Y0        BUFG (Prop_bufg_I_O)         0.030     1.588 r  clk_IBUF_BUFG_inst/O
                         net (fo=64, routed)          0.849     2.437    clk_IBUF_BUFG
    SLICE_X4Y35          FDRE                                         r  p_reg[31]/C
                         clock pessimism             -0.453     1.984    
    SLICE_X4Y35          FDRE (Hold_fdre_C_D)         0.071     2.055    p_reg[31]
  -------------------------------------------------------------------
                         required time                         -2.055    
                         arrival time                           2.617    
  -------------------------------------------------------------------
                         slack                                  0.562    

Slack (MET) :             0.568ns  (arrival time - required time)
  Source:                 a_r_reg[0]/C
                            (rising edge-triggered cell FDRE clocked by clk  {rise@0.000ns fall@5.000ns period=10.000ns})
  Destination:            p_reg[8]/D
                            (rising edge-triggered cell FDRE clocked by clk  {rise@0.000ns fall@5.000ns period=10.000ns})
  Path Group:             clk
  Path Type:              Hold (Min at Fast Process Corner)
  Requirement:            0.000ns  (clk rise@0.000ns - clk rise@0.000ns)
  Data Path Delay:        0.672ns  (logic 0.295ns (43.919%)  route 0.377ns (56.081%))
  Logic Levels:           4  (CARRY4=2 LUT4=1 LUT6=1)
  Clock Path Skew:        0.033ns (DCD - SCD - CPR)
    Destination Clock Delay (DCD):    2.431ns
    Source Clock Delay      (SCD):    1.945ns
    Clock Pessimism Removal (CPR):    0.453ns

    Location             Delay type                Incr(ns)  Path(ns)    Netlist Resource(s)
  -------------------------------------------------------------------    -------------------
                         (clock clk rise edge)        0.000     0.000 r  
    P23                                               0.000     0.000 r  clk (IN)
                         net (fo=0)                   0.000     0.000    clk
    P23                  IBUF (Prop_ibuf_I_O)         0.434     0.434 r  clk_IBUF_inst/O
                         net (fo=1, routed)           0.863     1.297    clk_IBUF
    BUFGCTRL_X0Y0        BUFG (Prop_bufg_I_O)         0.026     1.323 r  clk_IBUF_BUFG_inst/O
                         net (fo=64, routed)          0.622     1.945    clk_IBUF_BUFG
    SLICE_X1Y26          FDRE                                         r  a_r_reg[0]/C
  -------------------------------------------------------------------    -------------------
    SLICE_X1Y26          FDRE (Prop_fdre_C_Q)         0.100     2.045 r  a_r_reg[0]/Q
                         net (fo=26, routed)          0.143     2.188    a_r[0]
    SLICE_X2Y26          LUT6 (Prop_lut6_I0_O)        0.028     2.216 r  p[6]_i_7/O
                         net (fo=1, routed)           0.000     2.216    p[6]_i_7_n_0
    SLICE_X2Y26          CARRY4 (Prop_carry4_S[2]_O[2])
                                                      0.047     2.263 r  p_reg[6]_i_2/O[2]
                         net (fo=2, routed)           0.234     2.497    p_reg[6]_i_2_n_5
    SLICE_X4Y29          LUT4 (Prop_lut4_I0_O)        0.071     2.568 r  p[10]_i_8/O
                         net (fo=1, routed)           0.000     2.568    p[10]_i_8_n_0
    SLICE_X4Y29          CARRY4 (Prop_carry4_S[1]_O[1])
                                                      0.049     2.617 r  p_reg[10]_i_1/O[1]
                         net (fo=1, routed)           0.000     2.617    g_base.prod[8]
    SLICE_X4Y29          FDRE                                         r  p_reg[8]/D
  -------------------------------------------------------------------    -------------------

                         (clock clk rise edge)        0.000     0.000 r  
    P23                                               0.000     0.000 r  clk (IN)
                         net (fo=0)                   0.000     0.000    clk
    P23                  IBUF (Prop_ibuf_I_O)         0.630     0.630 r  clk_IBUF_inst/O
                         net (fo=1, routed)           0.928     1.558    clk_IBUF
    BUFGCTRL_X0Y0        BUFG (Prop_bufg_I_O)         0.030     1.588 r  clk_IBUF_BUFG_inst/O
                         net (fo=64, routed)          0.843     2.431    clk_IBUF_BUFG
    SLICE_X4Y29          FDRE                                         r  p_reg[8]/C
                         clock pessimism             -0.453     1.978    
    SLICE_X4Y29          FDRE (Hold_fdre_C_D)         0.071     2.049    p_reg[8]
  -------------------------------------------------------------------
                         required time                         -2.049    
                         arrival time                           2.617    
  -------------------------------------------------------------------
                         slack                                  0.568    





Pulse Width Checks
--------------------------------------------------------------------------------------
Clock Name:         clk
Waveform(ns):       { 0.000 5.000 }
Period(ns):         10.000
Sources:            { clk }

Check Type        Corner  Lib Pin  Reference Pin  Required(ns)  Actual(ns)  Slack(ns)  Location       Pin
Min Period        n/a     BUFG/I   n/a            1.600         10.000      8.400      BUFGCTRL_X0Y0  clk_IBUF_BUFG_inst/I
Min Period        n/a     FDRE/C   n/a            0.700         10.000      9.300      SLICE_X1Y26    a_r_reg[0]/C
Min Period        n/a     FDRE/C   n/a            0.700         10.000      9.300      SLICE_X0Y26    a_r_reg[10]/C
Min Period        n/a     FDRE/C   n/a            0.700         10.000      9.300      SLICE_X1Y28    a_r_reg[11]/C
Min Period        n/a     FDRE/C   n/a            0.700         10.000      9.300      SLICE_X2Y30    a_r_reg[12]/C
Min Period        n/a     FDRE/C   n/a            0.700         10.000      9.300      SLICE_X3Y29    a_r_reg[13]/C
Min Period        n/a     FDRE/C   n/a            0.700         10.000      9.300      SLICE_X0Y26    a_r_reg[14]/C
Min Period        n/a     FDRE/C   n/a            0.700         10.000      9.300      SLICE_X1Y25    a_r_reg[15]/C
Min Period        n/a     FDRE/C   n/a            0.700         10.000      9.300      SLICE_X1Y26    a_r_reg[1]/C
Min Period        n/a     FDRE/C   n/a            0.700         10.000      9.300      SLICE_X2Y26    a_r_reg[2]/C
Low Pulse Width   Slow    FDRE/C   n/a            0.350         5.000       4.650      SLICE_X1Y26    a_r_reg[0]/C
Low Pulse Width   Fast    FDRE/C   n/a            0.350         5.000       4.650      SLICE_X1Y26    a_r_reg[0]/C
Low Pulse Width   Slow    FDRE/C   n/a            0.350         5.000       4.650      SLICE_X0Y26    a_r_reg[10]/C
Low Pulse Width   Fast    FDRE/C   n/a            0.350         5.000       4.650      SLICE_X0Y26    a_r_reg[10]/C
Low Pulse Width   Slow    FDRE/C   n/a            0.350         5.000       4.650      SLICE_X1Y28    a_r_reg[11]/C
Low Pulse Width   Fast    FDRE/C   n/a            0.350         5.000       4.650      SLICE_X1Y28    a_r_reg[11]/C
Low Pulse Width   Slow    FDRE/C   n/a            0.350         5.000       4.650      SLICE_X2Y30    a_r_reg[12]/C
Low Pulse Width   Fast    FDRE/C   n/a            0.350         5.000       4.650      SLICE_X2Y30    a_r_reg[12]/C
Low Pulse Width   Slow    FDRE/C   n/a            0.350         5.000       4.650      SLICE_X3Y29    a_r_reg[13]/C
Low Pulse Width   Fast    FDRE/C   n/a            0.350         5.000       4.650      SLICE_X3Y29    a_r_reg[13]/C
High Pulse Width  Slow    FDRE/C   n/a            0.350         5.000       4.650      SLICE_X1Y26    a_r_reg[0]/C
High Pulse Width  Fast    FDRE/C   n/a            0.350         5.000       4.650      SLICE_X1Y26    a_r_reg[0]/C
High Pulse Width  Slow    FDRE/C   n/a            0.350         5.000       4.650      SLICE_X0Y26    a_r_reg[10]/C
High Pulse Width  Fast    FDRE/C   n/a            0.350         5.000       4.650      SLICE_X0Y26    a_r_reg[10]/C
High Pulse Width  Slow    FDRE/C   n/a            0.350         5.000       4.650      SLICE_X1Y28    a_r_reg[11]/C
High Pulse Width  Fast    FDRE/C   n/a            0.350         5.000       4.650      SLICE_X1Y28    a_r_reg[11]/C
High Pulse Width  Slow    FDRE/C   n/a            0.350         5.000       4.650      SLICE_X2Y30    a_r_reg[12]/C
High Pulse Width  Fast    FDRE/C   n/a            0.350         5.000       4.650      SLICE_X2Y30    a_r_reg[12]/C
High Pulse Width  Slow    FDRE/C   n/a            0.350         5.000       4.650      SLICE_X3Y29    a_r_reg[13]/C
High Pulse Width  Fast    FDRE/C   n/a            0.350         5.000       4.650      SLICE_X3Y29    a_r_reg[13]/C



